session;Raw_Cluster;Macro_Cluster;k_aircraft;k_operator;k_mission
3130311;37;Cluster 1 (Majeur A);46852;20;-2
3130519;37;Cluster 1 (Majeur A);46450;3;1
3130827;37;Cluster 1 (Majeur A);50826;3;1
3131023;37;Cluster 1 (Majeur A);41620;83;1
3131064;37;Cluster 1 (Majeur A);50670;3;1
3131161;37;Cluster 1 (Majeur A);52522;83;1
3131172;37;Cluster 1 (Majeur A);48091;83;1
3131284;39;Cluster 2 (Majeur B);52254;298;1
3131289;39;Cluster 2 (Majeur B);52255;298;1
3131291;39;Cluster 2 (Majeur B);54809;394;1
3131298;39;Cluster 2 (Majeur B);48380;20;-2
3131330;39;Cluster 2 (Majeur B);48109;20;-2
3131444;37;Cluster 1 (Majeur A);54806;394;1
3131553;37;Cluster 1 (Majeur A);50670;3;1
3131647;37;Cluster 1 (Majeur A);56585;12;3
3131650;39;Cluster 2 (Majeur B);56585;12;3
3131692;37;Cluster 1 (Majeur A);46890;81;1
3131695;39;Cluster 2 (Majeur B);46890;81;1
3131716;39;Cluster 2 (Majeur B);54809;394;1
3131750;39;Cluster 2 (Majeur B);52521;10;1
3131773;39;Cluster 2 (Majeur B);41622;81;1
3131774;39;Cluster 2 (Majeur B);41559;81;1
3131789;39;Cluster 2 (Majeur B);46874;10;1
3131796;37;Cluster 1 (Majeur A);41559;81;1
3131800;37;Cluster 1 (Majeur A);41624;81;1
3131808;37;Cluster 1 (Majeur A);46829;3;1
3131813;37;Cluster 1 (Majeur A);46829;3;1
3131814;37;Cluster 1 (Majeur A);48117;10;1
3131823;37;Cluster 1 (Majeur A);48090;3;1
3131859;37;Cluster 1 (Majeur A);52519;3;1
3131888;39;Cluster 2 (Majeur B);41619;81;1
3131938;37;Cluster 1 (Majeur A);46450;3;1
3131953;37;Cluster 1 (Majeur A);52524;83;1
3132003;39;Cluster 2 (Majeur B);48112;10;1
3132004;39;Cluster 2 (Majeur B);48109;20;-2
3132035;37;Cluster 1 (Majeur A);48117;10;1
3132037;31;Cluster 3 (Mineur A);50440;83;1
3132062;39;Cluster 2 (Majeur B);46852;20;-2
3132098;39;Cluster 2 (Majeur B);41619;81;1
3132100;37;Cluster 1 (Majeur A);52523;83;1
3132105;37;Cluster 1 (Majeur A);52523;83;1
3132112;37;Cluster 1 (Majeur A);52524;83;1
3132125;37;Cluster 1 (Majeur A);46829;3;1
3132132;37;Cluster 1 (Majeur A);48090;3;1
3132141;31;Cluster 3 (Mineur A);50440;83;1
3132162;45;Cluster 5 (Outliers);41620;83;1
3132164;37;Cluster 1 (Majeur A);41620;83;1
3132396;31;Cluster 3 (Mineur A);50440;83;1
3132444;37;Cluster 1 (Majeur A);46450;3;1
3132446;37;Cluster 1 (Majeur A);52524;83;1
3132520;31;Cluster 3 (Mineur A);50440;83;1
3132620;39;Cluster 2 (Majeur B);52255;298;1
3132624;39;Cluster 2 (Majeur B);56585;12;3
3132638;37;Cluster 1 (Majeur A);46859;335;1
3132709;37;Cluster 1 (Majeur A);50378;277;3
3132712;39;Cluster 2 (Majeur B);52255;298;1
3132714;39;Cluster 2 (Majeur B);52255;298;1
3132739;36;Cluster 5 (Outliers);52438;303;3
3132768;37;Cluster 1 (Majeur A);41619;81;1
3132851;39;Cluster 2 (Majeur B);41624;81;1
3132857;39;Cluster 2 (Majeur B);56585;12;3
3132858;45;Cluster 5 (Outliers);56585;12;3
3132859;39;Cluster 2 (Majeur B);48260;161;1
3132863;39;Cluster 2 (Majeur B);41559;81;1
3132871;37;Cluster 1 (Majeur A);52519;3;1
3132894;37;Cluster 1 (Majeur A);41559;81;1
3132908;39;Cluster 2 (Majeur B);41623;161;1
3132935;39;Cluster 2 (Majeur B);45401;81;1
3133004;37;Cluster 1 (Majeur A);41622;81;1
3133048;37;Cluster 1 (Majeur A);50670;3;1
3133052;37;Cluster 1 (Majeur A);48112;10;1
3133105;37;Cluster 1 (Majeur A);54806;394;1
3133109;39;Cluster 2 (Majeur B);48260;161;1
3133239;37;Cluster 1 (Majeur A);52519;3;1
3133252;37;Cluster 1 (Majeur A);52519;3;1
3133292;37;Cluster 1 (Majeur A);52524;83;1
3133321;37;Cluster 1 (Majeur A);48112;10;1
3133442;37;Cluster 1 (Majeur A);46829;3;1
3133446;36;Cluster 5 (Outliers);52520;112;1
3133525;37;Cluster 1 (Majeur A);54811;83;1
3133526;37;Cluster 1 (Majeur A);52523;83;1
3133596;37;Cluster 1 (Majeur A);46829;3;1
3133661;39;Cluster 2 (Majeur B);48260;161;1
3133691;39;Cluster 2 (Majeur B);46852;20;-2
3133709;37;Cluster 1 (Majeur A);41623;161;1
3133837;31;Cluster 3 (Mineur A);50440;83;1
3133840;37;Cluster 1 (Majeur A);41621;83;1
3133863;37;Cluster 1 (Majeur A);52524;83;1
3133874;37;Cluster 1 (Majeur A);41559;81;1
3133884;37;Cluster 1 (Majeur A);41621;83;1
3134051;31;Cluster 3 (Mineur A);50440;83;1
3134064;37;Cluster 1 (Majeur A);46450;3;1
3134065;37;Cluster 1 (Majeur A);50826;3;1
3134066;39;Cluster 2 (Majeur B);45401;81;1
3134067;37;Cluster 1 (Majeur A);52523;83;1
3134113;37;Cluster 1 (Majeur A);41620;83;1
3134138;37;Cluster 1 (Majeur A);46875;112;1
3134139;37;Cluster 1 (Majeur A);46875;112;1
3134149;31;Cluster 3 (Mineur A);50440;83;1
3134195;39;Cluster 2 (Majeur B);52255;298;1
3134229;39;Cluster 2 (Majeur B);52255;298;1
3134436;14;Cluster 5 (Outliers);56585;12;3
3134437;39;Cluster 2 (Majeur B);56585;12;3
3134479;39;Cluster 2 (Majeur B);41624;81;1
3134525;39;Cluster 2 (Majeur B);48109;20;-2
3134527;37;Cluster 1 (Majeur A);41619;81;1
3134529;39;Cluster 2 (Majeur B);41559;81;1
3134538;37;Cluster 1 (Majeur A);54809;394;1
3134542;39;Cluster 2 (Majeur B);41623;161;1
3134584;37;Cluster 1 (Majeur A);41622;81;1
3134617;37;Cluster 1 (Majeur A);48112;10;1
3134632;39;Cluster 2 (Majeur B);54809;394;1
3134661;37;Cluster 1 (Majeur A);46829;3;1
3134662;39;Cluster 2 (Majeur B);52521;10;1
3134866;39;Cluster 2 (Majeur B);46852;20;-2
3134869;37;Cluster 1 (Majeur A);46851;81;1
3134895;39;Cluster 2 (Majeur B);48382;81;1
3134904;37;Cluster 1 (Majeur A);48117;10;1
3134934;39;Cluster 2 (Majeur B);41623;161;1
3135008;37;Cluster 1 (Majeur A);41620;83;1
3135038;31;Cluster 3 (Mineur A);48109;20;-2
3135041;37;Cluster 1 (Majeur A);52522;83;1
3135057;37;Cluster 1 (Majeur A);48112;10;1
3135058;39;Cluster 2 (Majeur B);48112;10;1
3135075;48;Cluster 5 (Outliers);52255;298;1
3135077;37;Cluster 1 (Majeur A);41619;81;1
3135082;37;Cluster 1 (Majeur A);52520;112;1
3135108;37;Cluster 1 (Majeur A);50826;3;1
3135109;37;Cluster 1 (Majeur A);50826;3;1
3135112;39;Cluster 2 (Majeur B);41622;81;1
3135114;26;Cluster 5 (Outliers);48382;81;1
3135198;37;Cluster 1 (Majeur A);46450;3;1
3135203;39;Cluster 2 (Majeur B);54811;83;1
3135205;42;Cluster 5 (Outliers);54811;83;1
3135261;37;Cluster 1 (Majeur A);46829;3;1
3135359;37;Cluster 1 (Majeur A);52522;83;1
3135360;36;Cluster 5 (Outliers);52520;112;1
3135429;39;Cluster 2 (Majeur B);48091;83;1
3135520;37;Cluster 1 (Majeur A);46450;3;1
3135524;37;Cluster 1 (Majeur A);52524;83;1
3135530;37;Cluster 1 (Majeur A);52523;83;1
3135532;4;Cluster 5 (Outliers);50440;83;1
3135560;22;Cluster 5 (Outliers);45401;81;1
3135782;39;Cluster 2 (Majeur B);56585;12;3
3135791;15;Cluster 5 (Outliers);46859;335;1
3135793;39;Cluster 2 (Majeur B);52255;298;1
3135794;39;Cluster 2 (Majeur B);52255;298;1
3135823;39;Cluster 2 (Majeur B);45344;20;-2
3135824;39;Cluster 2 (Majeur B);48380;20;-2
3135825;39;Cluster 2 (Majeur B);46896;20;-2
3135831;39;Cluster 2 (Majeur B);46896;20;-2
3135897;39;Cluster 2 (Majeur B);52255;298;1
3136052;39;Cluster 2 (Majeur B);46896;20;-2
3136054;39;Cluster 2 (Majeur B);48109;20;-2
3136055;37;Cluster 1 (Majeur A);41619;81;1
3136056;39;Cluster 2 (Majeur B);46851;81;1
3136062;39;Cluster 2 (Majeur B);48260;161;1
3136063;37;Cluster 1 (Majeur A);48260;161;1
3136075;37;Cluster 1 (Majeur A);46829;3;1
3136085;37;Cluster 1 (Majeur A);41619;81;1
3136086;39;Cluster 2 (Majeur B);41622;81;1
3136092;39;Cluster 2 (Majeur B);56585;12;3
3136109;37;Cluster 1 (Majeur A);41624;81;1
3136110;37;Cluster 1 (Majeur A);41624;81;1
3136142;37;Cluster 1 (Majeur A);50826;3;1
3136145;37;Cluster 1 (Majeur A);46874;10;1
3136176;37;Cluster 1 (Majeur A);52521;10;1
3136203;39;Cluster 2 (Majeur B);54809;394;1
3136206;39;Cluster 2 (Majeur B);41623;161;1
3136232;37;Cluster 1 (Majeur A);52519;3;1
3136302;37;Cluster 1 (Majeur A);46829;3;1
3136305;39;Cluster 2 (Majeur B);48380;20;-2
3136474;39;Cluster 2 (Majeur B);41623;161;1
3136475;37;Cluster 1 (Majeur A);50670;3;1
3136487;39;Cluster 2 (Majeur B);48260;161;1
3136495;37;Cluster 1 (Majeur A);41621;83;1
3136496;37;Cluster 1 (Majeur A);41622;81;1
3136497;37;Cluster 1 (Majeur A);41621;83;1
3136590;37;Cluster 1 (Majeur A);41559;81;1
3136591;37;Cluster 1 (Majeur A);41619;81;1
3136597;37;Cluster 1 (Majeur A);52520;112;1
3136624;39;Cluster 2 (Majeur B);50826;3;1
3136625;37;Cluster 1 (Majeur A);46829;3;1
3136629;37;Cluster 1 (Majeur A);46851;81;1
3136631;37;Cluster 1 (Majeur A);52522;83;1
3136632;37;Cluster 1 (Majeur A);52522;83;1
3136633;37;Cluster 1 (Majeur A);41620;83;1
3136678;37;Cluster 1 (Majeur A);52521;10;1
3136692;31;Cluster 3 (Mineur A);50440;83;1
3136791;37;Cluster 1 (Majeur A);46450;3;1
3136797;39;Cluster 2 (Majeur B);46852;20;-2
3136798;37;Cluster 1 (Majeur A);54811;83;1
3136928;37;Cluster 1 (Majeur A);52524;83;1
3136931;36;Cluster 5 (Outliers);52520;112;1
3137281;39;Cluster 2 (Majeur B);48382;81;1
3137312;37;Cluster 1 (Majeur A);46450;3;1
3137326;37;Cluster 1 (Majeur A);52523;83;1
3137345;37;Cluster 1 (Majeur A);41621;83;1
3137358;37;Cluster 1 (Majeur A);52522;83;1
3137359;37;Cluster 1 (Majeur A);41620;83;1
3137366;4;Cluster 5 (Outliers);50440;83;1
3137466;39;Cluster 2 (Majeur B);52255;298;1
3137485;39;Cluster 2 (Majeur B);52254;298;1
3137529;37;Cluster 1 (Majeur A);54806;394;1
3137530;37;Cluster 1 (Majeur A);54806;394;1
3137542;39;Cluster 2 (Majeur B);56585;12;3
3137549;39;Cluster 2 (Majeur B);54809;394;1
3137591;39;Cluster 2 (Majeur B);46896;20;-2
3137700;37;Cluster 1 (Majeur A);50670;3;1
3137753;37;Cluster 1 (Majeur A);46829;3;1
3137763;37;Cluster 1 (Majeur A);41622;81;1
3137764;39;Cluster 2 (Majeur B);46851;81;1
3137802;37;Cluster 1 (Majeur A);46450;3;1
3137803;37;Cluster 1 (Majeur A);52519;3;1
3137804;37;Cluster 1 (Majeur A);46874;10;1
3137805;37;Cluster 1 (Majeur A);52521;10;1
3137848;39;Cluster 2 (Majeur B);41624;81;1
3137861;39;Cluster 2 (Majeur B);56585;12;3
3137903;37;Cluster 1 (Majeur A);50826;3;1
3137904;37;Cluster 1 (Majeur A);50826;3;1
3137956;37;Cluster 1 (Majeur A);50670;3;1
3138060;37;Cluster 1 (Majeur A);52519;3;1
3138066;37;Cluster 1 (Majeur A);46874;10;1
3138092;37;Cluster 1 (Majeur A);46829;3;1
3138099;37;Cluster 1 (Majeur A);52521;10;1
3138105;37;Cluster 1 (Majeur A);41621;83;1
3138136;39;Cluster 2 (Majeur B);48109;20;-2
3138138;37;Cluster 1 (Majeur A);52524;83;1
3138270;41;Cluster 4 (Mineur B);46852;20;-2
3138398;20;Cluster 5 (Outliers);56593;23;4
3138400;39;Cluster 2 (Majeur B);48117;10;1
3139229;39;Cluster 2 (Majeur B);50826;3;1
3139328;39;Cluster 2 (Majeur B);50826;3;1
3139332;37;Cluster 1 (Majeur A);41620;83;1
3140206;39;Cluster 2 (Majeur B);52255;298;1
3140217;39;Cluster 2 (Majeur B);52254;298;1
3140221;41;Cluster 4 (Mineur B);46875;112;1
3140269;37;Cluster 1 (Majeur A);46853;335;1
3140420;31;Cluster 3 (Mineur A);48109;20;-2
3140434;17;Cluster 5 (Outliers);48382;81;1
3140550;39;Cluster 2 (Majeur B);56585;12;3
3140572;39;Cluster 2 (Majeur B);56585;12;3
3140760;37;Cluster 1 (Majeur A);52524;83;1
3140811;37;Cluster 1 (Majeur A);52522;83;1
3140844;37;Cluster 1 (Majeur A);52520;112;1
3140872;37;Cluster 1 (Majeur A);52523;83;1
3140940;37;Cluster 1 (Majeur A);52524;83;1
3141005;37;Cluster 1 (Majeur A);52522;83;1
3141063;19;Cluster 5 (Outliers);48382;81;1
3141064;39;Cluster 2 (Majeur B);48382;81;1
3141099;17;Cluster 5 (Outliers);48382;81;1
3141161;37;Cluster 1 (Majeur A);46875;112;1
3141188;37;Cluster 1 (Majeur A);46433;10;1
3141212;37;Cluster 1 (Majeur A);52524;83;1
3141322;37;Cluster 1 (Majeur A);46853;335;1
3141347;39;Cluster 2 (Majeur B);46852;20;-2
3143148;39;Cluster 2 (Majeur B);46896;20;-2
3144247;37;Cluster 1 (Majeur A);48090;3;1
3146947;39;Cluster 2 (Majeur B);56585;12;3
3147200;39;Cluster 2 (Majeur B);52254;298;1
3147748;37;Cluster 1 (Majeur A);54806;394;1
3147750;37;Cluster 1 (Majeur A);54806;394;1
3148731;37;Cluster 1 (Majeur A);54808;394;1
3148759;37;Cluster 1 (Majeur A);46874;10;1
3148787;39;Cluster 2 (Majeur B);46890;81;1
3148790;39;Cluster 2 (Majeur B);41622;81;1
3148957;39;Cluster 2 (Majeur B);56578;12;3
3148958;39;Cluster 2 (Majeur B);56585;12;3
3148959;39;Cluster 2 (Majeur B);56578;12;3
3148962;38;Cluster 5 (Outliers);41623;161;1
3148985;37;Cluster 1 (Majeur A);48090;3;1
3148987;39;Cluster 2 (Majeur B);50670;3;1
3148989;37;Cluster 1 (Majeur A);50670;3;1
3149025;39;Cluster 2 (Majeur B);48380;20;-2
3149034;37;Cluster 1 (Majeur A);48382;81;1
3149035;37;Cluster 1 (Majeur A);41624;81;1
3149160;39;Cluster 2 (Majeur B);52519;3;1
3149252;37;Cluster 1 (Majeur A);52521;10;1
3149272;37;Cluster 1 (Majeur A);46890;81;1
3149273;37;Cluster 1 (Majeur A);41619;81;1
3149279;37;Cluster 1 (Majeur A);52524;83;1
3149282;37;Cluster 1 (Majeur A);41621;83;1
3149322;37;Cluster 1 (Majeur A);50826;3;1
3149332;39;Cluster 2 (Majeur B);46896;20;-2
3149382;37;Cluster 1 (Majeur A);52523;83;1
3149453;37;Cluster 1 (Majeur A);41559;81;1
3149456;37;Cluster 1 (Majeur A);41622;81;1
3149457;37;Cluster 1 (Majeur A);52522;83;1
3149564;39;Cluster 2 (Majeur B);41623;161;1
3149569;37;Cluster 1 (Majeur A);48117;10;1
3149580;33;Cluster 5 (Outliers);48382;81;1
3149582;20;Cluster 5 (Outliers);48382;81;1
3149584;37;Cluster 1 (Majeur A);52524;83;1
3149630;29;Cluster 5 (Outliers);46433;10;1
3149636;37;Cluster 1 (Majeur A);46433;10;1
3149679;39;Cluster 2 (Majeur B);41623;161;1
3149858;39;Cluster 2 (Majeur B);52522;83;1
3149860;39;Cluster 2 (Majeur B);41621;83;1
3149965;37;Cluster 1 (Majeur A);52523;83;1
3150084;37;Cluster 1 (Majeur A);50825;335;1
3150085;37;Cluster 1 (Majeur A);50825;335;1
3150088;41;Cluster 4 (Mineur B);46875;112;1
3150093;37;Cluster 1 (Majeur A);46875;112;1
3150095;37;Cluster 1 (Majeur A);46875;112;1
3150109;37;Cluster 1 (Majeur A);46859;335;1
3150110;37;Cluster 1 (Majeur A);46859;335;1
3150128;39;Cluster 2 (Majeur B);48109;20;-2
3150199;39;Cluster 2 (Majeur B);52255;298;1
3150223;39;Cluster 2 (Majeur B);48380;20;-2
3150350;37;Cluster 1 (Majeur A);41622;81;1
3150351;37;Cluster 1 (Majeur A);41622;81;1
3150354;1;Cluster 5 (Outliers);56593;23;4
3150361;39;Cluster 2 (Majeur B);48260;161;1
3150375;37;Cluster 1 (Majeur A);46890;81;1
3150414;37;Cluster 1 (Majeur A);46450;3;1
3150415;37;Cluster 1 (Majeur A);46829;3;1
3150417;37;Cluster 1 (Majeur A);46874;10;1
3150418;37;Cluster 1 (Majeur A);46874;10;1
3150559;39;Cluster 2 (Majeur B);56578;12;3
3150579;37;Cluster 1 (Majeur A);48090;3;1
3150581;37;Cluster 1 (Majeur A);52519;3;1
3150611;37;Cluster 1 (Majeur A);52520;112;1
3150728;39;Cluster 2 (Majeur B);48260;161;1
3150758;39;Cluster 2 (Majeur B);46852;20;-2
3150761;39;Cluster 2 (Majeur B);41622;81;1
3150810;37;Cluster 1 (Majeur A);46829;3;1
3150811;37;Cluster 1 (Majeur A);50826;3;1
3150830;37;Cluster 1 (Majeur A);46890;81;1
3150848;37;Cluster 1 (Majeur A);41623;161;1
3150849;39;Cluster 2 (Majeur B);41623;161;1
3150865;37;Cluster 1 (Majeur A);46450;3;1
3150866;37;Cluster 1 (Majeur A);46450;3;1
3150871;37;Cluster 1 (Majeur A);48117;10;1
3150884;39;Cluster 2 (Majeur B);46896;20;-2
3150885;37;Cluster 1 (Majeur A);46851;81;1
3150888;37;Cluster 1 (Majeur A);41621;83;1
3150889;39;Cluster 2 (Majeur B);41621;83;1
3150890;37;Cluster 1 (Majeur A);52522;83;1
3150891;37;Cluster 1 (Majeur A);52524;83;1
3150953;39;Cluster 2 (Majeur B);48260;161;1
3150954;39;Cluster 2 (Majeur B);48260;161;1
3150996;37;Cluster 1 (Majeur A);48090;3;1
3150998;37;Cluster 1 (Majeur A);50670;3;1
3151015;37;Cluster 1 (Majeur A);52523;83;1
3151017;37;Cluster 1 (Majeur A);52523;83;1
3151021;39;Cluster 2 (Majeur B);52520;112;1
3151187;37;Cluster 1 (Majeur A);52522;83;1
3151229;37;Cluster 1 (Majeur A);46890;81;1
3151232;37;Cluster 1 (Majeur A);52524;83;1
3151233;41;Cluster 4 (Mineur B);46875;112;1
3151283;37;Cluster 1 (Majeur A);52519;3;1
3151488;37;Cluster 1 (Majeur A);46450;3;1
3151489;37;Cluster 1 (Majeur A);52521;10;1
3151520;37;Cluster 1 (Majeur A);48117;10;1
3151634;39;Cluster 2 (Majeur B);52255;298;1
3151657;39;Cluster 2 (Majeur B);52254;298;1
3151658;37;Cluster 1 (Majeur A);50825;335;1
3151670;41;Cluster 4 (Mineur B);46875;112;1
3151671;39;Cluster 2 (Majeur B);46875;112;1
3151672;37;Cluster 1 (Majeur A);46875;112;1
3151682;39;Cluster 2 (Majeur B);52255;298;1
3151702;37;Cluster 1 (Majeur A);52524;83;1
3151715;37;Cluster 1 (Majeur A);54806;394;1
3151741;39;Cluster 2 (Majeur B);46852;20;-2
3151763;39;Cluster 2 (Majeur B);52255;298;1
3151905;37;Cluster 1 (Majeur A);46829;3;1
3151924;37;Cluster 1 (Majeur A);41622;81;1
3152038;37;Cluster 1 (Majeur A);50826;3;1
3152040;37;Cluster 1 (Majeur A);46859;335;1
3152042;37;Cluster 1 (Majeur A);46874;10;1
3152043;37;Cluster 1 (Majeur A);46874;10;1
3152071;37;Cluster 1 (Majeur A);46890;81;1
3152173;37;Cluster 1 (Majeur A);46450;3;1
3152174;37;Cluster 1 (Majeur A);52519;3;1
3152176;37;Cluster 1 (Majeur A);48117;10;1
3152189;20;Cluster 5 (Outliers);48382;81;1
3152223;39;Cluster 2 (Majeur B);41623;161;1
3152231;37;Cluster 1 (Majeur A);50670;3;1
3152232;37;Cluster 1 (Majeur A);46829;3;1
3152241;37;Cluster 1 (Majeur A);41624;81;1
3152277;39;Cluster 2 (Majeur B);41560;81;1
3152279;37;Cluster 1 (Majeur A);41560;81;1
3152280;37;Cluster 1 (Majeur A);52524;83;1
3152346;39;Cluster 2 (Majeur B);48109;20;-2
3152359;39;Cluster 2 (Majeur B);46890;81;1
3152364;37;Cluster 1 (Majeur A);52522;83;1
3152365;37;Cluster 1 (Majeur A);41620;83;1
3152397;37;Cluster 1 (Majeur A);50826;3;1
3152399;37;Cluster 1 (Majeur A);48117;10;1
3152400;37;Cluster 1 (Majeur A);48112;10;1
3152409;39;Cluster 2 (Majeur B);41622;81;1
3152413;37;Cluster 1 (Majeur A);41621;83;1
3152438;37;Cluster 1 (Majeur A);46450;3;1
3152485;37;Cluster 1 (Majeur A);52523;83;1
3152486;37;Cluster 1 (Majeur A);52523;83;1
3152564;37;Cluster 1 (Majeur A);50670;3;1
3152565;37;Cluster 1 (Majeur A);46829;3;1
3152582;37;Cluster 1 (Majeur A);41620;83;1
3152583;37;Cluster 1 (Majeur A);52524;83;1
3152584;38;Cluster 5 (Outliers);52520;112;1
3152612;37;Cluster 1 (Majeur A);46829;3;1
3152613;39;Cluster 2 (Majeur B);46874;10;1
3152619;8;Cluster 5 (Outliers);54674;339;3
3152623;26;Cluster 5 (Outliers);54674;339;3
3152629;39;Cluster 2 (Majeur B);41621;83;1
3152632;39;Cluster 2 (Majeur B);46875;112;1
3152859;37;Cluster 1 (Majeur A);52524;83;1
3152860;37;Cluster 1 (Majeur A);46875;112;1
3152861;39;Cluster 2 (Majeur B);46875;112;1
3152868;37;Cluster 1 (Majeur A);48117;10;1
3153013;37;Cluster 1 (Majeur A);46859;335;1
3153022;37;Cluster 1 (Majeur A);50825;335;1
3153048;39;Cluster 2 (Majeur B);49415;335;1
3153056;37;Cluster 1 (Majeur A);54806;394;1
3153093;37;Cluster 1 (Majeur A);48380;20;-2
3153144;30;Cluster 5 (Outliers);46859;335;1
3153185;39;Cluster 2 (Majeur B);46896;20;-2
3153186;39;Cluster 2 (Majeur B);46852;20;-2
3153187;39;Cluster 2 (Majeur B);46896;20;-2
3153226;37;Cluster 1 (Majeur A);52519;3;1
3153354;39;Cluster 2 (Majeur B);46450;3;1
3153355;37;Cluster 1 (Majeur A);46450;3;1
3153359;37;Cluster 1 (Majeur A);46433;10;1
3153362;37;Cluster 1 (Majeur A);48117;10;1
3153411;39;Cluster 2 (Majeur B);46863;20;-2
3153419;39;Cluster 2 (Majeur B);46896;20;-2
3153427;39;Cluster 2 (Majeur B);50378;277;3
3153430;37;Cluster 1 (Majeur A);50378;277;3
3153449;37;Cluster 1 (Majeur A);41622;81;1
3153454;39;Cluster 2 (Majeur B);41560;81;1
3153455;39;Cluster 2 (Majeur B);46890;81;1
3153543;39;Cluster 2 (Majeur B);41623;161;1
3153545;39;Cluster 2 (Majeur B);48260;161;1
3153576;37;Cluster 1 (Majeur A);50826;3;1
3153577;39;Cluster 2 (Majeur B);52519;3;1
3153630;37;Cluster 1 (Majeur A);52255;298;1
3153634;37;Cluster 1 (Majeur A);41559;81;1
3153700;37;Cluster 1 (Majeur A);48117;10;1
3153730;31;Cluster 3 (Mineur A);50440;83;1
3153917;37;Cluster 1 (Majeur A);50670;3;1
3153957;39;Cluster 2 (Majeur B);48109;20;-2
3153959;39;Cluster 2 (Majeur B);52255;298;1
3153965;37;Cluster 1 (Majeur A);41560;81;1
3154036;39;Cluster 2 (Majeur B);41623;161;1
3154169;37;Cluster 1 (Majeur A);46450;3;1
3154170;37;Cluster 1 (Majeur A);50670;3;1
3154248;37;Cluster 1 (Majeur A);52523;83;1
3154255;36;Cluster 5 (Outliers);52523;83;1
3154256;37;Cluster 1 (Majeur A);52524;83;1
3154261;31;Cluster 3 (Mineur A);50440;83;1
3154262;37;Cluster 1 (Majeur A);41620;83;1
3154263;37;Cluster 1 (Majeur A);52522;83;1
3154326;39;Cluster 2 (Majeur B);48260;161;1
3154327;39;Cluster 2 (Majeur B);48260;161;1
3154357;39;Cluster 2 (Majeur B);46851;81;1
3154589;37;Cluster 1 (Majeur A);52524;83;1
3154590;37;Cluster 1 (Majeur A);46875;112;1
3154591;39;Cluster 2 (Majeur B);46875;112;1
3154630;37;Cluster 1 (Majeur A);46450;3;1
3154637;31;Cluster 3 (Mineur A);50440;83;1
3154638;37;Cluster 1 (Majeur A);41620;83;1
3154739;39;Cluster 2 (Majeur B);52254;298;1
3154750;39;Cluster 2 (Majeur B);46859;335;1
3154767;39;Cluster 2 (Majeur B);50825;335;1
3154768;38;Cluster 5 (Outliers);52255;298;1
3154787;37;Cluster 1 (Majeur A);54806;394;1
3154788;37;Cluster 1 (Majeur A);54806;394;1
3154791;37;Cluster 1 (Majeur A);46896;20;-2
3154851;39;Cluster 2 (Majeur B);48109;20;-2
3154852;39;Cluster 2 (Majeur B);52254;298;1
3154853;39;Cluster 2 (Majeur B);52254;298;1
3154891;39;Cluster 2 (Majeur B);52255;298;1
3154892;39;Cluster 2 (Majeur B);50378;277;3
3154932;37;Cluster 1 (Majeur A);54809;394;1
3154960;37;Cluster 1 (Majeur A);46829;3;1
3154962;39;Cluster 2 (Majeur B);46874;10;1
3154963;39;Cluster 2 (Majeur B);52521;10;1
3154967;37;Cluster 1 (Majeur A);52254;298;1
3155007;37;Cluster 1 (Majeur A);50826;3;1
3155008;37;Cluster 1 (Majeur A);52519;3;1
3155030;37;Cluster 1 (Majeur A);46851;81;1
3155031;39;Cluster 2 (Majeur B);46890;81;1
3155110;37;Cluster 1 (Majeur A);41622;81;1
3155178;39;Cluster 2 (Majeur B);41560;81;1
3155179;39;Cluster 2 (Majeur B);41624;81;1
3155184;39;Cluster 2 (Majeur B);41621;83;1
3155216;32;Cluster 5 (Outliers);48090;3;1
3155247;37;Cluster 1 (Majeur A);52524;83;1
3155248;37;Cluster 1 (Majeur A);52522;83;1
3155294;39;Cluster 2 (Majeur B);52521;10;1
3155306;39;Cluster 2 (Majeur B);46896;20;-2
3155318;31;Cluster 3 (Mineur A);50440;83;1
3155371;39;Cluster 2 (Majeur B);52524;83;1
3155456;37;Cluster 1 (Majeur A);41621;83;1
3155458;31;Cluster 3 (Mineur A);50440;83;1
3155464;41;Cluster 4 (Mineur B);46875;112;1
3155601;37;Cluster 1 (Majeur A);41622;81;1
3155729;39;Cluster 2 (Majeur B);41559;81;1
3155731;37;Cluster 1 (Majeur A);41620;83;1
3155732;36;Cluster 5 (Outliers);41620;83;1
3155733;39;Cluster 2 (Majeur B);50440;83;1
3155779;37;Cluster 1 (Majeur A);52524;83;1
3155868;39;Cluster 2 (Majeur B);52255;298;1
3156009;39;Cluster 2 (Majeur B);48260;161;1
3156154;39;Cluster 2 (Majeur B);52255;298;1
3156187;39;Cluster 2 (Majeur B);52254;298;1
3156188;40;Cluster 5 (Outliers);46896;20;-2
3156190;37;Cluster 1 (Majeur A);41622;81;1
3156231;39;Cluster 2 (Majeur B);41624;81;1
3156268;37;Cluster 1 (Majeur A);52524;83;1
3156317;31;Cluster 3 (Mineur A);50440;83;1
3156320;37;Cluster 1 (Majeur A);48091;83;1
3156323;37;Cluster 1 (Majeur A);41621;83;1
3156324;37;Cluster 1 (Majeur A);41620;83;1
3156445;31;Cluster 3 (Mineur A);50440;83;1
3156449;37;Cluster 1 (Majeur A);52520;112;1
3156607;37;Cluster 1 (Majeur A);41621;83;1
3156609;37;Cluster 1 (Majeur A);52523;83;1
3156611;37;Cluster 1 (Majeur A);52524;83;1
3156667;37;Cluster 1 (Majeur A);50440;83;1
3156669;41;Cluster 4 (Mineur B);46875;112;1
3156768;37;Cluster 1 (Majeur A);52522;83;1
3156818;37;Cluster 1 (Majeur A);41624;81;1
3156836;37;Cluster 1 (Majeur A);52524;83;1
3156892;35;Cluster 5 (Outliers);48109;20;-2
3156965;39;Cluster 2 (Majeur B);46852;20;-2
3157118;39;Cluster 2 (Majeur B);39023;298;1
3157119;37;Cluster 1 (Majeur A);48091;83;1
3157149;39;Cluster 2 (Majeur B);46852;20;-2
3157203;37;Cluster 1 (Majeur A);41622;81;1
3157204;37;Cluster 1 (Majeur A);41622;81;1
3157308;37;Cluster 1 (Majeur A);45401;81;1
3157371;37;Cluster 1 (Majeur A);41621;83;1
3157373;37;Cluster 1 (Majeur A);52522;83;1
3157375;37;Cluster 1 (Majeur A);52522;83;1
3157377;37;Cluster 1 (Majeur A);41621;83;1
3157378;37;Cluster 1 (Majeur A);52524;83;1
3157405;39;Cluster 2 (Majeur B);46852;20;-2
3157447;39;Cluster 2 (Majeur B);46855;10;1
3157459;39;Cluster 2 (Majeur B);48109;20;-2
3157464;37;Cluster 1 (Majeur A);52520;112;1
3157526;37;Cluster 1 (Majeur A);46433;10;1
3157561;31;Cluster 3 (Mineur A);50440;83;1
3157564;37;Cluster 1 (Majeur A);41621;83;1
3157628;17;Cluster 5 (Outliers);48382;81;1
3157631;16;Cluster 5 (Outliers);48382;81;1
3157676;37;Cluster 1 (Majeur A);48382;81;1
3157678;37;Cluster 1 (Majeur A);52524;83;1
3157768;37;Cluster 1 (Majeur A);52522;83;1
3157771;37;Cluster 1 (Majeur A);41620;83;1
3157799;37;Cluster 1 (Majeur A);41620;83;1
3157931;39;Cluster 2 (Majeur B);39023;298;1
3157941;39;Cluster 2 (Majeur B);39023;298;1
3157945;39;Cluster 2 (Majeur B);46859;335;1
3157948;39;Cluster 2 (Majeur B);52255;298;1
3157958;37;Cluster 1 (Majeur A);50825;335;1
3157961;34;Cluster 5 (Outliers);46852;20;-2
3157977;37;Cluster 1 (Majeur A);54806;394;1
3157984;39;Cluster 2 (Majeur B);56585;12;3
3157986;39;Cluster 2 (Majeur B);39023;298;1
3157999;37;Cluster 1 (Majeur A);54806;394;1
3158022;39;Cluster 2 (Majeur B);48109;20;-2
3158180;39;Cluster 2 (Majeur B);46863;20;-2
3158293;37;Cluster 1 (Majeur A);48090;3;1
3158312;39;Cluster 2 (Majeur B);48380;20;-2
3158313;39;Cluster 2 (Majeur B);39023;298;1
3158336;39;Cluster 2 (Majeur B);41623;161;1
3158344;37;Cluster 1 (Majeur A);46450;3;1
3158346;37;Cluster 1 (Majeur A);46450;3;1
3158347;37;Cluster 1 (Majeur A);46450;3;1
3158350;37;Cluster 1 (Majeur A);46874;10;1
3158351;37;Cluster 1 (Majeur A);52521;10;1
3158352;39;Cluster 2 (Majeur B);46852;20;-2
3158354;39;Cluster 2 (Majeur B);46852;20;-2
3158359;39;Cluster 2 (Majeur B);41622;81;1
3158361;37;Cluster 1 (Majeur A);41622;81;1
3158362;39;Cluster 2 (Majeur B);41560;81;1
3158364;39;Cluster 2 (Majeur B);41560;81;1
3158365;39;Cluster 2 (Majeur B);41559;81;1
3158401;37;Cluster 1 (Majeur A);50826;3;1
3158402;37;Cluster 1 (Majeur A);50670;3;1
3158403;37;Cluster 1 (Majeur A);48090;3;1
3158404;37;Cluster 1 (Majeur A);52519;3;1
3158405;39;Cluster 2 (Majeur B);50670;3;1
3158406;39;Cluster 2 (Majeur B);50826;3;1
3158409;39;Cluster 2 (Majeur B);48117;10;1
3158411;39;Cluster 2 (Majeur B);48380;20;-2
3158412;37;Cluster 1 (Majeur A);41559;81;1
3158413;39;Cluster 2 (Majeur B);46890;81;1
3158423;39;Cluster 2 (Majeur B);46863;20;-2
3158427;39;Cluster 2 (Majeur B);46890;81;1
3158429;22;Cluster 5 (Outliers);48382;81;1
3158430;37;Cluster 1 (Majeur A);46851;81;1
3158436;37;Cluster 1 (Majeur A);52521;10;1
3158463;37;Cluster 1 (Majeur A);41621;83;1
3158464;37;Cluster 1 (Majeur A);48091;83;1
3158465;37;Cluster 1 (Majeur A);48091;83;1
3158472;37;Cluster 1 (Majeur A);46829;3;1
3158473;39;Cluster 2 (Majeur B);46852;20;-2
3158480;37;Cluster 1 (Majeur A);41621;83;1
3158481;31;Cluster 3 (Mineur A);50440;83;1
3158495;37;Cluster 1 (Majeur A);50826;3;1
3158496;39;Cluster 2 (Majeur B);48117;10;1
3158523;37;Cluster 1 (Majeur A);52522;83;1
3158534;37;Cluster 1 (Majeur A);46450;3;1
3158550;4;Cluster 5 (Outliers);50440;83;1
3158557;39;Cluster 2 (Majeur B);45401;81;1
3158558;37;Cluster 1 (Majeur A);52522;83;1
3158560;41;Cluster 4 (Mineur B);46875;112;1
3158561;41;Cluster 4 (Mineur B);46875;112;1
3158562;41;Cluster 4 (Mineur B);46875;112;1
3158563;41;Cluster 4 (Mineur B);46875;112;1
3158574;37;Cluster 1 (Majeur A);46874;10;1
3158618;37;Cluster 1 (Majeur A);41620;83;1
3158622;37;Cluster 1 (Majeur A);48382;81;1
3158647;39;Cluster 2 (Majeur B);41559;81;1
3158650;37;Cluster 1 (Majeur A);48091;83;1
3158651;37;Cluster 1 (Majeur A);41621;83;1
3158666;39;Cluster 2 (Majeur B);50440;83;1
3158675;39;Cluster 2 (Majeur B);52254;298;1
3158676;39;Cluster 2 (Majeur B);52254;298;1
3158680;37;Cluster 1 (Majeur A);50825;335;1
3158682;39;Cluster 2 (Majeur B);46896;20;-2
3158685;39;Cluster 2 (Majeur B);52255;298;1
3158686;39;Cluster 2 (Majeur B);52255;298;1
3158698;39;Cluster 2 (Majeur B);48109;20;-2
3158700;37;Cluster 1 (Majeur A);54806;394;1
3158701;37;Cluster 1 (Majeur A);54806;394;1
3158714;37;Cluster 1 (Majeur A);46859;335;1
3158715;39;Cluster 2 (Majeur B);46852;20;-2
3158761;40;Cluster 5 (Outliers);48380;20;-2
3158762;39;Cluster 2 (Majeur B);46863;20;-2
3158763;39;Cluster 2 (Majeur B);41560;81;1
3158797;37;Cluster 1 (Majeur A);48090;3;1
3158800;39;Cluster 2 (Majeur B);46874;10;1
3158802;39;Cluster 2 (Majeur B);46874;10;1
3158803;37;Cluster 1 (Majeur A);46855;10;1
3158808;39;Cluster 2 (Majeur B);46863;20;-2
3158813;22;Cluster 5 (Outliers);45401;81;1
3158814;39;Cluster 2 (Majeur B);41622;81;1
3158815;39;Cluster 2 (Majeur B);41622;81;1
3158958;39;Cluster 2 (Majeur B);41623;161;1
3158959;39;Cluster 2 (Majeur B);41623;161;1
3158987;39;Cluster 2 (Majeur B);50670;3;1
3158988;37;Cluster 1 (Majeur A);52519;3;1
3158991;37;Cluster 1 (Majeur A);48117;10;1
3159073;39;Cluster 2 (Majeur B);41560;81;1
3159075;39;Cluster 2 (Majeur B);46515;81;1
3159254;39;Cluster 2 (Majeur B);48090;3;1
3159350;39;Cluster 2 (Majeur B);46890;81;1
3159351;37;Cluster 1 (Majeur A);46851;81;1
3159353;39;Cluster 2 (Majeur B);41622;81;1
3159354;39;Cluster 2 (Majeur B);46890;81;1
3159361;37;Cluster 1 (Majeur A);52522;83;1
3159362;39;Cluster 2 (Majeur B);48091;83;1
3159363;37;Cluster 1 (Majeur A);41621;83;1
3159784;39;Cluster 2 (Majeur B);41623;161;1
3159864;39;Cluster 2 (Majeur B);46829;3;1
3159868;39;Cluster 2 (Majeur B);48090;3;1
3159869;37;Cluster 1 (Majeur A);46450;3;1
3159870;39;Cluster 2 (Majeur B);50670;3;1
3159888;37;Cluster 1 (Majeur A);48117;10;1
3159981;40;Cluster 5 (Outliers);46896;20;-2
3160008;39;Cluster 2 (Majeur B);41624;81;1
3160013;42;Cluster 5 (Outliers);46515;81;1
3160014;39;Cluster 2 (Majeur B);41560;81;1
3160029;8;Cluster 5 (Outliers);41624;81;1
3160036;37;Cluster 1 (Majeur A);41621;83;1
3160037;39;Cluster 2 (Majeur B);50440;83;1
3160040;37;Cluster 1 (Majeur A);41620;83;1
3160043;37;Cluster 1 (Majeur A);52522;83;1
3160044;37;Cluster 1 (Majeur A);41621;83;1
3160045;39;Cluster 2 (Majeur B);50440;83;1
3160046;39;Cluster 2 (Majeur B);48091;83;1
3160047;37;Cluster 1 (Majeur A);52522;83;1
3160262;37;Cluster 1 (Majeur A);48090;3;1
3160390;39;Cluster 2 (Majeur B);45401;81;1
3160394;31;Cluster 3 (Mineur A);50440;83;1
3160395;37;Cluster 1 (Majeur A);41620;83;1
3160396;37;Cluster 1 (Majeur A);52524;83;1
3160397;24;Cluster 5 (Outliers);52523;83;1
3160398;44;Cluster 5 (Outliers);52523;83;1
3160423;39;Cluster 2 (Majeur B);48117;10;1
3160536;39;Cluster 2 (Majeur B);50440;83;1
3160623;37;Cluster 1 (Majeur A);54806;394;1
3160655;39;Cluster 2 (Majeur B);50825;335;1
3160656;37;Cluster 1 (Majeur A);50825;335;1
3160658;39;Cluster 2 (Majeur B);46863;20;-2
3160659;41;Cluster 4 (Mineur B);46896;20;-2
3160661;39;Cluster 2 (Majeur B);39023;298;1
3160707;39;Cluster 2 (Majeur B);52255;298;1
3160708;39;Cluster 2 (Majeur B);52255;298;1
3160770;39;Cluster 2 (Majeur B);48380;20;-2
3160893;39;Cluster 2 (Majeur B);46896;20;-2
3160897;39;Cluster 2 (Majeur B);39023;298;1
3161022;39;Cluster 2 (Majeur B);41623;161;1
3161073;37;Cluster 1 (Majeur A);46450;3;1
3161074;37;Cluster 1 (Majeur A);52519;3;1
3161078;37;Cluster 1 (Majeur A);46874;10;1
3161130;39;Cluster 2 (Majeur B);46896;20;-2
3161132;39;Cluster 2 (Majeur B);46863;20;-2
3161134;39;Cluster 2 (Majeur B);48380;20;-2
3161139;37;Cluster 1 (Majeur A);41559;81;1
3161140;39;Cluster 2 (Majeur B);41559;81;1
3161142;37;Cluster 1 (Majeur A);46851;81;1
3161418;37;Cluster 1 (Majeur A);54806;394;1
3161436;37;Cluster 1 (Majeur A);41623;161;1
3161562;37;Cluster 1 (Majeur A);50826;3;1
3161563;37;Cluster 1 (Majeur A);46829;3;1
3161564;37;Cluster 1 (Majeur A);48090;3;1
3161570;37;Cluster 1 (Majeur A);48117;10;1
3161601;37;Cluster 1 (Majeur A);41621;83;1
3161602;37;Cluster 1 (Majeur A);52522;83;1
3161603;37;Cluster 1 (Majeur A);41620;83;1
3161919;37;Cluster 1 (Majeur A);50826;3;1
3161920;37;Cluster 1 (Majeur A);46450;3;1
3161921;37;Cluster 1 (Majeur A);46829;3;1
3161927;39;Cluster 2 (Majeur B);48117;10;1
3162098;6;Cluster 5 (Outliers);50440;83;1
3162403;39;Cluster 2 (Majeur B);46433;10;1
3162561;41;Cluster 4 (Mineur B);46875;112;1
3162905;28;Cluster 5 (Outliers);52524;83;1
3162936;39;Cluster 2 (Majeur B);46896;20;-2
3162961;39;Cluster 2 (Majeur B);39023;298;1
3162970;39;Cluster 2 (Majeur B);48382;81;1
3162973;39;Cluster 2 (Majeur B);41560;81;1
3162977;21;Cluster 5 (Outliers);45401;81;1
3162991;22;Cluster 5 (Outliers);48382;81;1
3163000;37;Cluster 1 (Majeur A);54806;394;1
3163001;37;Cluster 1 (Majeur A);54806;394;1
3163042;39;Cluster 2 (Majeur B);48380;20;-2
3163043;39;Cluster 2 (Majeur B);48109;20;-2
3163045;39;Cluster 2 (Majeur B);52255;298;1
3163175;37;Cluster 1 (Majeur A);41623;161;1
3163263;39;Cluster 2 (Majeur B);41622;81;1
3163265;39;Cluster 2 (Majeur B);46851;81;1
3163425;39;Cluster 2 (Majeur B);52519;3;1
3163428;39;Cluster 2 (Majeur B);50826;3;1
3163429;39;Cluster 2 (Majeur B);46450;3;1
3163440;37;Cluster 1 (Majeur A);48117;10;1
3163441;39;Cluster 2 (Majeur B);46874;10;1
3163477;34;Cluster 5 (Outliers);46896;20;-2
3163478;39;Cluster 2 (Majeur B);52255;298;1
3163483;39;Cluster 2 (Majeur B);41559;81;1
3163744;37;Cluster 1 (Majeur A);41623;161;1
3163905;37;Cluster 1 (Majeur A);50826;3;1
3163907;39;Cluster 2 (Majeur B);52519;3;1
3163931;39;Cluster 2 (Majeur B);46863;20;-2
3163938;39;Cluster 2 (Majeur B);41559;81;1
3163939;39;Cluster 2 (Majeur B);41622;81;1
3163942;39;Cluster 2 (Majeur B);41560;81;1
3163946;37;Cluster 1 (Majeur A);52524;83;1
3163948;37;Cluster 1 (Majeur A);52522;83;1
3163949;37;Cluster 1 (Majeur A);41621;83;1
3164200;39;Cluster 2 (Majeur B);41559;81;1
3164205;37;Cluster 1 (Majeur A);41621;83;1
3164206;37;Cluster 1 (Majeur A);52522;83;1
3164207;6;Cluster 5 (Outliers);50440;83;1
3164208;37;Cluster 1 (Majeur A);52522;83;1
3164209;37;Cluster 1 (Majeur A);41621;83;1
3164210;39;Cluster 2 (Majeur B);50440;83;1
3164212;41;Cluster 4 (Mineur B);46875;112;1
3164213;41;Cluster 4 (Mineur B);46875;112;1
3164214;37;Cluster 1 (Majeur A);49458;112;1
3164308;39;Cluster 2 (Majeur B);41623;161;1
3164314;37;Cluster 1 (Majeur A);50670;3;1
3164328;22;Cluster 5 (Outliers);45401;81;1
3164387;37;Cluster 1 (Majeur A);52523;83;1
3164415;39;Cluster 2 (Majeur B);48117;10;1
3164441;39;Cluster 2 (Majeur B);50440;83;1
3164598;39;Cluster 2 (Majeur B);46863;20;-2
3164601;39;Cluster 2 (Majeur B);52255;298;1
3164619;39;Cluster 2 (Majeur B);50825;335;1
3164630;37;Cluster 1 (Majeur A);54806;394;1
3164633;37;Cluster 1 (Majeur A);54806;394;1
3164728;39;Cluster 2 (Majeur B);46852;20;-2
3164729;39;Cluster 2 (Majeur B);46896;20;-2
3164735;39;Cluster 2 (Majeur B);45401;81;1
3164736;39;Cluster 2 (Majeur B);45401;81;1
3164826;39;Cluster 2 (Majeur B);41623;161;1
3164876;37;Cluster 1 (Majeur A);46829;3;1
3164877;37;Cluster 1 (Majeur A);52519;3;1
3164878;39;Cluster 2 (Majeur B);46874;10;1
3164901;37;Cluster 1 (Majeur A);46890;81;1
3164902;37;Cluster 1 (Majeur A);41622;81;1
3164903;39;Cluster 2 (Majeur B);41622;81;1
3164904;39;Cluster 2 (Majeur B);41560;81;1
3164906;39;Cluster 2 (Majeur B);46890;81;1
3165121;37;Cluster 1 (Majeur A);46450;3;1
3165147;39;Cluster 2 (Majeur B);52255;298;1
3165149;39;Cluster 2 (Majeur B);39023;298;1
3165154;37;Cluster 1 (Majeur A);41559;81;1
3165155;37;Cluster 1 (Majeur A);41559;81;1
3165157;39;Cluster 2 (Majeur B);41622;81;1
3165159;39;Cluster 2 (Majeur B);46890;81;1
3165160;37;Cluster 1 (Majeur A);41560;81;1
3165356;37;Cluster 1 (Majeur A);46523;12;3
3165357;39;Cluster 2 (Majeur B);46521;12;3
3165358;12;Cluster 5 (Outliers);46523;12;3
3165359;31;Cluster 3 (Mineur A);46523;12;3
3165361;33;Cluster 5 (Outliers);46521;12;3
3165364;52;Cluster 5 (Outliers);46521;12;3
3165365;37;Cluster 1 (Majeur A);46521;12;3
3165366;39;Cluster 2 (Majeur B);46521;12;3
3165371;15;Cluster 5 (Outliers);46523;12;3
3165372;37;Cluster 1 (Majeur A);46523;12;3
3165376;37;Cluster 1 (Majeur A);46523;12;3
3165381;51;Cluster 5 (Outliers);46523;12;3
3165382;39;Cluster 2 (Majeur B);46521;12;3
3165389;20;Cluster 5 (Outliers);46523;12;3
3165390;39;Cluster 2 (Majeur B);46521;12;3
3165431;37;Cluster 1 (Majeur A);46829;3;1
3165441;37;Cluster 1 (Majeur A);48117;10;1
3165443;37;Cluster 1 (Majeur A);46874;10;1
3165541;37;Cluster 1 (Majeur A);41620;83;1
3165542;37;Cluster 1 (Majeur A);52522;83;1
3165544;39;Cluster 2 (Majeur B);52524;83;1
3165545;37;Cluster 1 (Majeur A);52522;83;1
3165547;37;Cluster 1 (Majeur A);41620;83;1
3165553;37;Cluster 1 (Majeur A);52523;83;1
3165863;37;Cluster 1 (Majeur A);46829;3;1
3165865;37;Cluster 1 (Majeur A);52519;3;1
3166062;37;Cluster 1 (Majeur A);41560;81;1
3166069;39;Cluster 2 (Majeur B);54811;83;1
3166076;33;Cluster 5 (Outliers);52522;83;1
3166081;37;Cluster 1 (Majeur A);52524;83;1
3166087;41;Cluster 4 (Mineur B);46875;112;1
3166225;31;Cluster 3 (Mineur A);50440;83;1
3166227;16;Cluster 5 (Outliers);41620;83;1
3166493;37;Cluster 1 (Majeur A);54806;394;1
3166567;37;Cluster 1 (Majeur A);50378;277;3
3166568;39;Cluster 2 (Majeur B);50378;277;3
3166569;39;Cluster 2 (Majeur B);50378;277;3
3166571;37;Cluster 1 (Majeur A);41560;81;1
3166638;37;Cluster 1 (Majeur A);46433;10;1
3166794;37;Cluster 1 (Majeur A);52522;83;1
3166945;37;Cluster 1 (Majeur A);50440;83;1
3167066;39;Cluster 2 (Majeur B);48380;20;-2
3167067;37;Cluster 1 (Majeur A);41624;81;1
3167069;31;Cluster 3 (Mineur A);50440;83;1
3167070;37;Cluster 1 (Majeur A);52522;83;1
3167240;37;Cluster 1 (Majeur A);41560;81;1
3167246;37;Cluster 1 (Majeur A);46875;112;1
3167285;31;Cluster 3 (Mineur A);50440;83;1
3167315;37;Cluster 1 (Majeur A);52523;83;1
3167358;31;Cluster 3 (Mineur A);50440;83;1
3167397;37;Cluster 1 (Majeur A);46875;112;1
3167696;39;Cluster 2 (Majeur B);41623;161;1
3167712;45;Cluster 5 (Outliers);54811;83;1
3167713;37;Cluster 1 (Majeur A);52522;83;1
3167770;39;Cluster 2 (Majeur B);50670;3;1
3167773;37;Cluster 1 (Majeur A);46450;3;1
3167893;37;Cluster 1 (Majeur A);52522;83;1
3167896;37;Cluster 1 (Majeur A);52522;83;1
3167898;28;Cluster 5 (Outliers);41620;83;1
3167987;37;Cluster 1 (Majeur A);52254;298;1
3167996;37;Cluster 1 (Majeur A);41620;83;1
3168002;39;Cluster 2 (Majeur B);41620;83;1
3168004;31;Cluster 3 (Mineur A);50440;83;1
3168040;39;Cluster 2 (Majeur B);41623;161;1
3168068;37;Cluster 1 (Majeur A);48382;81;1
3168069;39;Cluster 2 (Majeur B);48382;81;1
3168073;37;Cluster 1 (Majeur A);41621;83;1
3168154;6;Cluster 5 (Outliers);50440;83;1
3168189;37;Cluster 1 (Majeur A);46841;3;1
3168206;24;Cluster 5 (Outliers);52524;83;1
3168294;31;Cluster 3 (Mineur A);50440;83;1
3168387;39;Cluster 2 (Majeur B);52254;298;1
3168388;39;Cluster 2 (Majeur B);52254;298;1
3168396;37;Cluster 1 (Majeur A);46523;12;3
3168397;37;Cluster 1 (Majeur A);46521;12;3
3168400;37;Cluster 1 (Majeur A);46523;12;3
3168401;37;Cluster 1 (Majeur A);46521;12;3
3168405;39;Cluster 2 (Majeur B);46859;335;1
3168408;39;Cluster 2 (Majeur B);48109;20;-2
3168451;39;Cluster 2 (Majeur B);48380;20;-2
3168453;39;Cluster 2 (Majeur B);48380;20;-2
3168471;37;Cluster 1 (Majeur A);54806;394;1
3168472;37;Cluster 1 (Majeur A);54806;394;1
3168487;39;Cluster 2 (Majeur B);46896;20;-2
3168488;39;Cluster 2 (Majeur B);39023;298;1
3169072;37;Cluster 1 (Majeur A);48090;3;1
3169073;37;Cluster 1 (Majeur A);46829;3;1
3169074;37;Cluster 1 (Majeur A);46450;3;1
3169075;37;Cluster 1 (Majeur A);48090;3;1
3169077;37;Cluster 1 (Majeur A);48117;10;1
3169122;39;Cluster 2 (Majeur B);46852;20;-2
3169123;39;Cluster 2 (Majeur B);46863;20;-2
3169126;37;Cluster 1 (Majeur A);39023;298;1
3169127;39;Cluster 2 (Majeur B);39023;298;1
3169136;39;Cluster 2 (Majeur B);41622;81;1
3169138;39;Cluster 2 (Majeur B);41559;81;1
3169139;39;Cluster 2 (Majeur B);41560;81;1
3169142;39;Cluster 2 (Majeur B);41622;81;1
3169144;39;Cluster 2 (Majeur B);46890;81;1
3169147;33;Cluster 5 (Outliers);52522;83;1
3169295;11;Cluster 5 (Outliers);41623;161;1
3169318;37;Cluster 1 (Majeur A);52519;3;1
3169320;37;Cluster 1 (Majeur A);46829;3;1
3169325;39;Cluster 2 (Majeur B);46874;10;1
3169328;37;Cluster 1 (Majeur A);46855;10;1
3169329;37;Cluster 1 (Majeur A);48117;10;1
3169330;37;Cluster 1 (Majeur A);46433;10;1
3169331;37;Cluster 1 (Majeur A);48112;10;1
3169401;39;Cluster 2 (Majeur B);41622;81;1
3169416;37;Cluster 1 (Majeur A);41621;83;1
3169420;39;Cluster 2 (Majeur B);52524;83;1
3169421;37;Cluster 1 (Majeur A);41620;83;1
3169940;39;Cluster 2 (Majeur B);46890;81;1
3169965;37;Cluster 1 (Majeur A);54811;83;1
3169968;37;Cluster 1 (Majeur A);41620;83;1
3170093;37;Cluster 1 (Majeur A);52524;83;1
3170146;39;Cluster 2 (Majeur B);46859;335;1
3170148;39;Cluster 2 (Majeur B);39023;298;1
3170218;37;Cluster 1 (Majeur A);46841;3;1
3170221;37;Cluster 1 (Majeur A);50825;335;1
3170240;39;Cluster 2 (Majeur B);50440;83;1
3170241;6;Cluster 5 (Outliers);50440;83;1
3170242;39;Cluster 2 (Majeur B);50440;83;1
3170276;37;Cluster 1 (Majeur A);54806;394;1
3170277;37;Cluster 1 (Majeur A);54806;394;1
3170321;39;Cluster 2 (Majeur B);52255;298;1
3170374;37;Cluster 1 (Majeur A);41623;161;1
3170410;37;Cluster 1 (Majeur A);46450;3;1
3170411;37;Cluster 1 (Majeur A);52519;3;1
3170412;37;Cluster 1 (Majeur A);48090;3;1
3170413;37;Cluster 1 (Majeur A);50670;3;1
3170415;37;Cluster 1 (Majeur A);46855;10;1
3170417;37;Cluster 1 (Majeur A);46874;10;1
3170418;37;Cluster 1 (Majeur A);48117;10;1
3170419;37;Cluster 1 (Majeur A);46874;10;1
3170420;37;Cluster 1 (Majeur A);48117;10;1
3170421;37;Cluster 1 (Majeur A);48112;10;1
3170436;39;Cluster 2 (Majeur B);39023;298;1
3170459;39;Cluster 2 (Majeur B);41559;81;1
3170460;37;Cluster 1 (Majeur A);41622;81;1
3170463;37;Cluster 1 (Majeur A);41622;81;1
3170466;39;Cluster 2 (Majeur B);45401;81;1
3170467;20;Cluster 5 (Outliers);45401;81;1
3170757;37;Cluster 1 (Majeur A);41623;161;1
3170758;37;Cluster 1 (Majeur A);41623;161;1
3170841;37;Cluster 1 (Majeur A);46450;3;1
3170842;37;Cluster 1 (Majeur A);50670;3;1
3170843;37;Cluster 1 (Majeur A);52519;3;1
3170844;37;Cluster 1 (Majeur A);46450;3;1
3170845;37;Cluster 1 (Majeur A);50670;3;1
3170846;37;Cluster 1 (Majeur A);52519;3;1
3170888;37;Cluster 1 (Majeur A);46890;81;1
3170889;39;Cluster 2 (Majeur B);41622;81;1
3170891;37;Cluster 1 (Majeur A);41560;81;1
3170895;37;Cluster 1 (Majeur A);46851;81;1
3170901;37;Cluster 1 (Majeur A);52522;83;1
3170906;37;Cluster 1 (Majeur A);52524;83;1
3170910;43;Cluster 5 (Outliers);54811;83;1
3171368;39;Cluster 2 (Majeur B);48382;81;1
3171371;39;Cluster 2 (Majeur B);48382;81;1
3171379;17;Cluster 5 (Outliers);48382;81;1
3171388;37;Cluster 1 (Majeur A);41621;83;1
3171389;37;Cluster 1 (Majeur A);41620;83;1
3171393;31;Cluster 3 (Mineur A);50440;83;1
3171394;39;Cluster 2 (Majeur B);41620;83;1
3171395;37;Cluster 1 (Majeur A);52522;83;1
3171396;37;Cluster 1 (Majeur A);54811;83;1
3171397;31;Cluster 3 (Mineur A);50440;83;1
3171556;39;Cluster 2 (Majeur B);46515;81;1
3171557;39;Cluster 2 (Majeur B);46515;81;1
3171558;39;Cluster 2 (Majeur B);50440;83;1
3171562;37;Cluster 1 (Majeur A);52524;83;1
3171644;37;Cluster 1 (Majeur A);46859;335;1
3171645;39;Cluster 2 (Majeur B);52255;298;1
3171646;39;Cluster 2 (Majeur B);39023;298;1
3171715;37;Cluster 1 (Majeur A);54806;394;1
3171734;39;Cluster 2 (Majeur B);54808;394;1
3171893;39;Cluster 2 (Majeur B);52255;298;1
3171901;37;Cluster 1 (Majeur A);46851;81;1
3171905;37;Cluster 1 (Majeur A);41622;81;1
3171906;37;Cluster 1 (Majeur A);41560;81;1
3171992;37;Cluster 1 (Majeur A);41623;161;1
3171993;39;Cluster 2 (Majeur B);41623;161;1
3172046;37;Cluster 1 (Majeur A);46829;3;1
3172047;37;Cluster 1 (Majeur A);52519;3;1
3172048;37;Cluster 1 (Majeur A);46841;3;1
3172055;37;Cluster 1 (Majeur A);46433;10;1
3172057;37;Cluster 1 (Majeur A);46874;10;1
3172104;37;Cluster 1 (Majeur A);46890;81;1
3172106;37;Cluster 1 (Majeur A);46890;81;1
3172107;37;Cluster 1 (Majeur A);41559;81;1
3172112;22;Cluster 5 (Outliers);48382;81;1
3172114;22;Cluster 5 (Outliers);48382;81;1
3172120;37;Cluster 1 (Majeur A);52522;83;1
3172121;42;Cluster 5 (Outliers);41620;83;1
3172122;37;Cluster 1 (Majeur A);52524;83;1
3172124;37;Cluster 1 (Majeur A);41621;83;1
3172376;37;Cluster 1 (Majeur A);41623;161;1
3172378;37;Cluster 1 (Majeur A);41623;161;1
3172379;39;Cluster 2 (Majeur B);41623;161;1
3172555;37;Cluster 1 (Majeur A);46450;3;1
3172556;37;Cluster 1 (Majeur A);46829;3;1
3172557;37;Cluster 1 (Majeur A);50826;3;1
3172558;37;Cluster 1 (Majeur A);46450;3;1
3172559;39;Cluster 2 (Majeur B);50826;3;1
3172565;37;Cluster 1 (Majeur A);48117;10;1
3172779;37;Cluster 1 (Majeur A);41622;81;1
3172796;37;Cluster 1 (Majeur A);52522;83;1
3172797;37;Cluster 1 (Majeur A);41621;83;1
3172798;37;Cluster 1 (Majeur A);52524;83;1
3172805;37;Cluster 1 (Majeur A);54811;83;1
3173223;37;Cluster 1 (Majeur A);48117;10;1
3173247;39;Cluster 2 (Majeur B);45401;81;1
3173248;37;Cluster 1 (Majeur A);46515;81;1
3173249;39;Cluster 2 (Majeur B);48382;81;1
3173253;37;Cluster 1 (Majeur A);52522;83;1
3173254;37;Cluster 1 (Majeur A);52524;83;1
3173255;37;Cluster 1 (Majeur A);54811;83;1
3173330;34;Cluster 5 (Outliers);46863;20;-2
3173331;39;Cluster 2 (Majeur B);52255;298;1
3173366;36;Cluster 5 (Outliers);54806;394;1
3173367;37;Cluster 1 (Majeur A);54806;394;1
3173376;39;Cluster 2 (Majeur B);46863;20;-2
3173377;39;Cluster 2 (Majeur B);48109;20;-2
3173378;39;Cluster 2 (Majeur B);46852;20;-2
3173379;39;Cluster 2 (Majeur B);46896;20;-2
3173468;39;Cluster 2 (Majeur B);50825;335;1
3173600;37;Cluster 1 (Majeur A);46523;12;3
3173647;39;Cluster 2 (Majeur B);46829;3;1
3173649;37;Cluster 1 (Majeur A);46829;3;1
3173650;37;Cluster 1 (Majeur A);46841;3;1
3173651;37;Cluster 1 (Majeur A);52519;3;1
3173652;37;Cluster 1 (Majeur A);48090;3;1
3173653;37;Cluster 1 (Majeur A);46841;3;1
3173659;37;Cluster 1 (Majeur A);46874;10;1
3173660;39;Cluster 2 (Majeur B);46855;10;1
3173661;37;Cluster 1 (Majeur A);46874;10;1
3173697;39;Cluster 2 (Majeur B);46863;20;-2
3173704;37;Cluster 1 (Majeur A);46890;81;1
3173705;37;Cluster 1 (Majeur A);46851;81;1
3173706;37;Cluster 1 (Majeur A);41622;81;1
3173707;39;Cluster 2 (Majeur B);46890;81;1
3173708;37;Cluster 1 (Majeur A);41622;81;1
3173709;37;Cluster 1 (Majeur A);46851;81;1
3173710;37;Cluster 1 (Majeur A);41559;81;1
3173711;37;Cluster 1 (Majeur A);41622;81;1
3173819;37;Cluster 1 (Majeur A);54806;394;1
3173820;37;Cluster 1 (Majeur A);54806;394;1
3173878;39;Cluster 2 (Majeur B);41623;161;1
3173880;37;Cluster 1 (Majeur A);41623;161;1
3173883;37;Cluster 1 (Majeur A);41623;161;1
3173953;37;Cluster 1 (Majeur A);46829;3;1
3173955;37;Cluster 1 (Majeur A);46841;3;1
3173956;37;Cluster 1 (Majeur A);46450;3;1
3173957;37;Cluster 1 (Majeur A);48090;3;1
3173962;37;Cluster 1 (Majeur A);46855;10;1
3174000;37;Cluster 1 (Majeur A);41624;81;1
3174003;37;Cluster 1 (Majeur A);48382;81;1
3174006;37;Cluster 1 (Majeur A);46890;81;1
3174009;22;Cluster 5 (Outliers);48382;81;1
3174019;46;Cluster 5 (Outliers);41621;83;1
3174022;37;Cluster 1 (Majeur A);54811;83;1
3174023;37;Cluster 1 (Majeur A);41620;83;1
3174025;37;Cluster 1 (Majeur A);52524;83;1
3174417;37;Cluster 1 (Majeur A);48117;10;1
3174533;39;Cluster 2 (Majeur B);52524;83;1
3174535;31;Cluster 3 (Mineur A);50440;83;1
3174537;6;Cluster 5 (Outliers);50440;83;1
3174538;43;Cluster 5 (Outliers);52524;83;1
3174539;37;Cluster 1 (Majeur A);41621;83;1
3174542;37;Cluster 1 (Majeur A);54811;83;1
3174544;37;Cluster 1 (Majeur A);41620;83;1
3174668;39;Cluster 2 (Majeur B);50825;335;1
3174676;31;Cluster 3 (Mineur A);50440;83;1
3174768;39;Cluster 2 (Majeur B);48380;20;-2
3174770;39;Cluster 2 (Majeur B);52255;298;1
3174812;39;Cluster 2 (Majeur B);46863;20;-2
3174839;37;Cluster 1 (Majeur A);54806;394;1
3174845;37;Cluster 1 (Majeur A);50825;335;1
3174851;39;Cluster 2 (Majeur B);46852;20;-2
3174852;39;Cluster 2 (Majeur B);46863;20;-2
3174854;39;Cluster 2 (Majeur B);52255;298;1
3174855;39;Cluster 2 (Majeur B);52255;298;1
3174894;39;Cluster 2 (Majeur B);50825;335;1
3175134;37;Cluster 1 (Majeur A);50826;3;1
3175135;37;Cluster 1 (Majeur A);52519;3;1
3175137;37;Cluster 1 (Majeur A);48090;3;1
3175141;37;Cluster 1 (Majeur A);48117;10;1
3175142;37;Cluster 1 (Majeur A);46433;10;1
3175143;37;Cluster 1 (Majeur A);46855;10;1
3175245;39;Cluster 2 (Majeur B);46896;20;-2
3175253;41;Cluster 4 (Mineur B);46896;20;-2
3175255;39;Cluster 2 (Majeur B);46896;20;-2
3175265;39;Cluster 2 (Majeur B);41559;81;1
3175270;39;Cluster 2 (Majeur B);41622;81;1
3175271;39;Cluster 2 (Majeur B);46851;81;1
3175274;37;Cluster 1 (Majeur A);46890;81;1
3175275;37;Cluster 1 (Majeur A);41624;81;1
3175278;37;Cluster 1 (Majeur A);41624;81;1
3175281;37;Cluster 1 (Majeur A);52522;83;1
3175282;37;Cluster 1 (Majeur A);52522;83;1
3175398;37;Cluster 1 (Majeur A);54806;394;1
3175547;37;Cluster 1 (Majeur A);52519;3;1
3175548;37;Cluster 1 (Majeur A);50670;3;1
3175561;37;Cluster 1 (Majeur A);48117;10;1
3175562;39;Cluster 2 (Majeur B);46874;10;1
3175727;39;Cluster 2 (Majeur B);48380;20;-2
3175802;37;Cluster 1 (Majeur A);41622;81;1
3175813;37;Cluster 1 (Majeur A);41620;83;1
3175817;37;Cluster 1 (Majeur A);41621;83;1
3175818;37;Cluster 1 (Majeur A);52524;83;1
3175819;37;Cluster 1 (Majeur A);54811;83;1
3175824;31;Cluster 3 (Mineur A);50440;83;1
3175826;37;Cluster 1 (Majeur A);41620;83;1
3175828;31;Cluster 3 (Mineur A);50440;83;1
3175829;37;Cluster 1 (Majeur A);41621;83;1
3175830;37;Cluster 1 (Majeur A);52524;83;1
3175832;37;Cluster 1 (Majeur A);41620;83;1
3176021;37;Cluster 1 (Majeur A);48117;10;1
3176117;22;Cluster 5 (Outliers);46515;81;1
3176121;39;Cluster 2 (Majeur B);50440;83;1
3176124;37;Cluster 1 (Majeur A);52522;83;1
3176125;37;Cluster 1 (Majeur A);41621;83;1
3176131;37;Cluster 1 (Majeur A);54811;83;1
3176264;39;Cluster 2 (Majeur B);46863;20;-2
3176265;39;Cluster 2 (Majeur B);46863;20;-2
3176269;39;Cluster 2 (Majeur B);52255;298;1
3176351;39;Cluster 2 (Majeur B);46852;20;-2
3176542;39;Cluster 2 (Majeur B);48380;20;-2
3176544;39;Cluster 2 (Majeur B);46863;20;-2
3176545;39;Cluster 2 (Majeur B);46863;20;-2
3176553;37;Cluster 1 (Majeur A);46890;81;1
3176683;37;Cluster 1 (Majeur A);46433;10;1
3176720;39;Cluster 2 (Majeur B);46863;20;-2
3176724;39;Cluster 2 (Majeur B);46890;81;1
3176728;37;Cluster 1 (Majeur A);41620;83;1
3176729;37;Cluster 1 (Majeur A);41621;83;1
3176730;37;Cluster 1 (Majeur A);52524;83;1
3176731;37;Cluster 1 (Majeur A);41620;83;1
3176879;39;Cluster 2 (Majeur B);46896;20;-2
3176880;39;Cluster 2 (Majeur B);46896;20;-2
3176886;37;Cluster 1 (Majeur A);52524;83;1
3176887;7;Cluster 5 (Outliers);50440;83;1
3176889;37;Cluster 1 (Majeur A);54811;83;1
3176890;37;Cluster 1 (Majeur A);52523;83;1
3176891;37;Cluster 1 (Majeur A);41621;83;1
3176892;37;Cluster 1 (Majeur A);41620;83;1
3177000;17;Cluster 5 (Outliers);48382;81;1
3177002;39;Cluster 2 (Majeur B);41559;81;1
3177003;39;Cluster 2 (Majeur B);48382;81;1
3177008;37;Cluster 1 (Majeur A);41620;83;1
3177009;31;Cluster 3 (Mineur A);50440;83;1
3177072;37;Cluster 1 (Majeur A);52524;83;1
3177073;37;Cluster 1 (Majeur A);54811;83;1
3177075;31;Cluster 3 (Mineur A);50440;83;1
3177111;39;Cluster 2 (Majeur B);50440;83;1
3177184;39;Cluster 2 (Majeur B);46863;20;-2
3177263;39;Cluster 2 (Majeur B);46852;20;-2
3177294;39;Cluster 2 (Majeur B);48380;20;-2
3177326;39;Cluster 2 (Majeur B);46896;20;-2
3177329;39;Cluster 2 (Majeur B);54809;394;1
3177366;37;Cluster 1 (Majeur A);46874;10;1
3177385;37;Cluster 1 (Majeur A);46852;20;-2
3177410;39;Cluster 2 (Majeur B);46890;81;1
3177434;39;Cluster 2 (Majeur B);46863;20;-2
3177456;37;Cluster 1 (Majeur A);48090;3;1
3177466;39;Cluster 2 (Majeur B);46896;20;-2
3177476;37;Cluster 1 (Majeur A);41621;83;1
3177539;37;Cluster 1 (Majeur A);52522;83;1
3177545;37;Cluster 1 (Majeur A);41620;83;1
3177547;37;Cluster 1 (Majeur A);41620;83;1
3177548;33;Cluster 5 (Outliers);41620;83;1
3177563;37;Cluster 1 (Majeur A);46890;81;1
3177573;39;Cluster 2 (Majeur B);46863;20;-2
3177612;37;Cluster 1 (Majeur A);41621;83;1
3177667;39;Cluster 2 (Majeur B);50440;83;1
3177696;37;Cluster 1 (Majeur A);52524;83;1
3177791;37;Cluster 1 (Majeur A);41621;83;1
3177921;39;Cluster 2 (Majeur B);54811;83;1
3177926;39;Cluster 2 (Majeur B);50440;83;1
3177927;39;Cluster 2 (Majeur B);50440;83;1
3178095;37;Cluster 1 (Majeur A);50825;335;1
3178096;39;Cluster 2 (Majeur B);52254;298;1
3178146;37;Cluster 1 (Majeur A);46829;3;1
3178156;37;Cluster 1 (Majeur A);54806;394;1
3178157;37;Cluster 1 (Majeur A);54806;394;1
3178218;37;Cluster 1 (Majeur A);50825;335;1
3178422;39;Cluster 2 (Majeur B);45344;20;-2
3178546;37;Cluster 1 (Majeur A);48090;3;1
3178640;37;Cluster 1 (Majeur A);46855;10;1
3178641;39;Cluster 2 (Majeur B);41624;81;1
3178672;39;Cluster 2 (Majeur B);41623;161;1
3178677;37;Cluster 1 (Majeur A);46890;81;1
3178714;37;Cluster 1 (Majeur A);50826;3;1
3178715;37;Cluster 1 (Majeur A);46841;3;1
3178717;37;Cluster 1 (Majeur A);46841;3;1
3178734;37;Cluster 1 (Majeur A);41623;161;1
3178749;39;Cluster 2 (Majeur B);46896;20;-2
3178751;39;Cluster 2 (Majeur B);54674;339;3
3178761;41;Cluster 4 (Mineur B);54674;339;3
3178785;37;Cluster 1 (Majeur A);52519;3;1
3178816;37;Cluster 1 (Majeur A);46433;10;1
3178835;39;Cluster 2 (Majeur B);54806;394;1
3178837;37;Cluster 1 (Majeur A);41624;81;1
3178841;37;Cluster 1 (Majeur A);52522;83;1
3178862;37;Cluster 1 (Majeur A);54806;394;1
3178889;37;Cluster 1 (Majeur A);41620;83;1
3178891;37;Cluster 1 (Majeur A);52522;83;1
3178913;37;Cluster 1 (Majeur A);46890;81;1
3178915;39;Cluster 2 (Majeur B);46890;81;1
3178953;37;Cluster 1 (Majeur A);41559;81;1
3178957;37;Cluster 1 (Majeur A);52523;83;1
3178979;39;Cluster 2 (Majeur B);50440;83;1
3178985;37;Cluster 1 (Majeur A);48117;10;1
3179042;37;Cluster 1 (Majeur A);46841;3;1
3179043;37;Cluster 1 (Majeur A);52524;83;1
3179111;39;Cluster 2 (Majeur B);46863;20;-2
3179114;37;Cluster 1 (Majeur A);41621;83;1
3179128;37;Cluster 1 (Majeur A);41623;161;1
3179131;37;Cluster 1 (Majeur A);41621;83;1
3179139;37;Cluster 1 (Majeur A);48090;3;1
3179141;37;Cluster 1 (Majeur A);48090;3;1
3179261;37;Cluster 1 (Majeur A);41624;81;1
3179430;39;Cluster 2 (Majeur B);48382;81;1
3179459;39;Cluster 2 (Majeur B);46515;81;1
3179532;37;Cluster 1 (Majeur A);52524;83;1
3179540;7;Cluster 5 (Outliers);50440;83;1
3179568;37;Cluster 1 (Majeur A);41620;83;1
3179658;39;Cluster 2 (Majeur B);50440;83;1
3179720;39;Cluster 2 (Majeur B);46863;20;-2
3179721;39;Cluster 2 (Majeur B);45344;20;-2
3179724;39;Cluster 2 (Majeur B);52254;298;1
3179725;37;Cluster 1 (Majeur A);54806;394;1
3179772;39;Cluster 2 (Majeur B);46896;20;-2
3179792;39;Cluster 2 (Majeur B);52254;298;1
3179803;37;Cluster 1 (Majeur A);46859;335;1
3179839;37;Cluster 1 (Majeur A);41559;81;1
3179842;37;Cluster 1 (Majeur A);41559;81;1
3179844;39;Cluster 2 (Majeur B);48380;20;-2
3179853;37;Cluster 1 (Majeur A);46890;81;1
3179854;37;Cluster 1 (Majeur A);46890;81;1
3179858;37;Cluster 1 (Majeur A);46841;3;1
3179875;37;Cluster 1 (Majeur A);46855;10;1
3179903;37;Cluster 1 (Majeur A);41624;81;1
3179913;37;Cluster 1 (Majeur A);50670;3;1
3179918;37;Cluster 1 (Majeur A);50826;3;1
3179919;37;Cluster 1 (Majeur A);50670;3;1
3179920;37;Cluster 1 (Majeur A);48117;10;1
3179922;39;Cluster 2 (Majeur B);46896;20;-2
3179950;37;Cluster 1 (Majeur A);46874;10;1
3179975;37;Cluster 1 (Majeur A);52519;3;1
3179979;37;Cluster 1 (Majeur A);52519;3;1
3179980;37;Cluster 1 (Majeur A);46433;10;1
3180009;20;Cluster 5 (Outliers);46515;81;1
3180026;37;Cluster 1 (Majeur A);41623;161;1
3180051;37;Cluster 1 (Majeur A);41559;81;1
3180084;37;Cluster 1 (Majeur A);46841;3;1
3180097;39;Cluster 2 (Majeur B);48382;81;1
3180099;37;Cluster 1 (Majeur A);52522;83;1
3180100;37;Cluster 1 (Majeur A);41621;83;1
3180102;39;Cluster 2 (Majeur B);46896;20;-2
3180175;37;Cluster 1 (Majeur A);41624;81;1
3180176;37;Cluster 1 (Majeur A);52524;83;1
3180207;37;Cluster 1 (Majeur A);54811;83;1
3180239;39;Cluster 2 (Majeur B);46433;10;1
3180246;39;Cluster 2 (Majeur B);46852;20;-2
3180253;37;Cluster 1 (Majeur A);41621;83;1
3180256;37;Cluster 1 (Majeur A);41621;83;1
3180287;37;Cluster 1 (Majeur A);48112;10;1
3180289;31;Cluster 3 (Mineur A);50440;83;1
3180314;37;Cluster 1 (Majeur A);52524;83;1
3180320;37;Cluster 1 (Majeur A);54811;83;1
3180327;37;Cluster 1 (Majeur A);52522;83;1
3180330;37;Cluster 1 (Majeur A);46829;3;1
3180332;39;Cluster 2 (Majeur B);46829;3;1
3180334;37;Cluster 1 (Majeur A);41620;83;1
3180339;37;Cluster 1 (Majeur A);52519;3;1
3180340;31;Cluster 3 (Mineur A);50440;83;1
3180341;37;Cluster 1 (Majeur A);52523;83;1
3180345;37;Cluster 1 (Majeur A);52524;83;1
3180346;37;Cluster 1 (Majeur A);45401;81;1
3180348;39;Cluster 2 (Majeur B);41622;81;1
3180349;39;Cluster 2 (Majeur B);41622;81;1
3180366;2;Cluster 5 (Outliers);52520;112;1
3180367;2;Cluster 5 (Outliers);52520;112;1
3180369;10;Cluster 5 (Outliers);52520;112;1
3180370;2;Cluster 5 (Outliers);52520;112;1
3180371;38;Cluster 5 (Outliers);52520;112;1
3180372;36;Cluster 5 (Outliers);52520;112;1
3180377;24;Cluster 5 (Outliers);49458;112;1
3180378;2;Cluster 5 (Outliers);49458;112;1
3180379;2;Cluster 5 (Outliers);49458;112;1
3180381;2;Cluster 5 (Outliers);49458;112;1
3180382;3;Cluster 5 (Outliers);49458;112;1
3180383;39;Cluster 2 (Majeur B);49458;112;1
3180441;39;Cluster 2 (Majeur B);46863;20;-2
3180442;39;Cluster 2 (Majeur B);39023;298;1
3180447;37;Cluster 1 (Majeur A);50825;335;1
3180469;39;Cluster 2 (Majeur B);49415;335;1
3180471;39;Cluster 2 (Majeur B);49415;335;1
3180473;39;Cluster 2 (Majeur B);39023;298;1
3180474;39;Cluster 2 (Majeur B);39023;298;1
3180475;37;Cluster 1 (Majeur A);46859;335;1
3180486;39;Cluster 2 (Majeur B);45401;81;1
3180492;39;Cluster 2 (Majeur B);46863;20;-2
3180502;39;Cluster 2 (Majeur B);50826;3;1
3180510;37;Cluster 1 (Majeur A);50826;3;1
3180585;37;Cluster 1 (Majeur A);48090;3;1
3180589;37;Cluster 1 (Majeur A);41559;81;1
3180590;37;Cluster 1 (Majeur A);46874;10;1
3180613;39;Cluster 2 (Majeur B);41624;81;1
3180656;37;Cluster 1 (Majeur A);41623;161;1
3180657;39;Cluster 2 (Majeur B);46855;10;1
3180679;37;Cluster 1 (Majeur A);46841;3;1
3180683;39;Cluster 2 (Majeur B);46433;10;1
3180684;37;Cluster 1 (Majeur A);46841;3;1
3180685;39;Cluster 2 (Majeur B);46890;81;1
3180736;37;Cluster 1 (Majeur A);50826;3;1
3180740;37;Cluster 1 (Majeur A);48117;10;1
3180744;39;Cluster 2 (Majeur B);46863;20;-2
3180755;37;Cluster 1 (Majeur A);46890;81;1
3180919;37;Cluster 1 (Majeur A);50670;3;1
3180985;39;Cluster 2 (Majeur B);41623;161;1
3180986;47;Cluster 5 (Outliers);56592;23;-2
3181061;39;Cluster 2 (Majeur B);48090;3;1
3181106;37;Cluster 1 (Majeur A);52522;83;1
3181107;37;Cluster 1 (Majeur A);41620;83;1
3181108;37;Cluster 1 (Majeur A);41621;83;1
3181109;37;Cluster 1 (Majeur A);52522;83;1
3181155;33;Cluster 5 (Outliers);46515;81;1
3181158;37;Cluster 1 (Majeur A);52524;83;1
3181263;37;Cluster 1 (Majeur A);48117;10;1
3181279;39;Cluster 2 (Majeur B);41624;81;1
3181282;39;Cluster 2 (Majeur B);41624;81;1
3181283;37;Cluster 1 (Majeur A);54811;83;1
3181556;39;Cluster 2 (Majeur B);46841;3;1
3181557;39;Cluster 2 (Majeur B);52519;3;1
3181582;39;Cluster 2 (Majeur B);46863;20;-2
3181602;31;Cluster 3 (Mineur A);50440;83;1
3181611;39;Cluster 2 (Majeur B);50440;83;1
3182558;23;Cluster 5 (Outliers);48382;81;1
3182561;37;Cluster 1 (Majeur A);48382;81;1
3182562;37;Cluster 1 (Majeur A);48382;81;1
3182596;37;Cluster 1 (Majeur A);52524;83;1
3182894;39;Cluster 2 (Majeur B);48090;3;1
3182991;39;Cluster 2 (Majeur B);46890;81;1
3182998;37;Cluster 1 (Majeur A);52523;83;1
3183012;24;Cluster 5 (Outliers);52520;112;1
3183101;37;Cluster 1 (Majeur A);52524;83;1
3183193;39;Cluster 2 (Majeur B);50826;3;1
3183300;37;Cluster 1 (Majeur A);50826;3;1
3183301;37;Cluster 1 (Majeur A);48090;3;1
3183303;39;Cluster 2 (Majeur B);50440;83;1
3183304;39;Cluster 2 (Majeur B);49458;112;1
3183454;39;Cluster 2 (Majeur B);39023;298;1
3183574;37;Cluster 1 (Majeur A);54806;394;1
3183618;39;Cluster 2 (Majeur B);46896;20;-2
3183679;39;Cluster 2 (Majeur B);50825;335;1
3183680;37;Cluster 1 (Majeur A);50825;335;1
3183683;39;Cluster 2 (Majeur B);39023;298;1
3183924;39;Cluster 2 (Majeur B);46863;20;-2
3183986;37;Cluster 1 (Majeur A);52519;3;1
3183995;39;Cluster 2 (Majeur B);48380;20;-2
3183998;39;Cluster 2 (Majeur B);46890;81;1
3184033;37;Cluster 1 (Majeur A);41623;161;1
3184045;39;Cluster 2 (Majeur B);46851;81;1
3184054;26;Cluster 5 (Outliers);54806;394;1
3184068;37;Cluster 1 (Majeur A);46433;10;1
3184073;39;Cluster 2 (Majeur B);41624;81;1
3184090;39;Cluster 2 (Majeur B);46855;10;1
3184110;39;Cluster 2 (Majeur B);46874;10;1
3184113;39;Cluster 2 (Majeur B);46874;10;1
3184119;37;Cluster 1 (Majeur A);52519;3;1
3184173;37;Cluster 1 (Majeur A);50670;3;1
3184181;37;Cluster 1 (Majeur A);50670;3;1
3184278;37;Cluster 1 (Majeur A);54806;394;1
3184307;37;Cluster 1 (Majeur A);48091;83;1
3184314;37;Cluster 1 (Majeur A);41620;83;1
3184358;37;Cluster 1 (Majeur A);48117;10;1
3184359;37;Cluster 1 (Majeur A);48090;3;1
3184360;37;Cluster 1 (Majeur A);52522;83;1
3184572;39;Cluster 2 (Majeur B);41624;81;1
3184574;39;Cluster 2 (Majeur B);41624;81;1
3184595;37;Cluster 1 (Majeur A);46896;20;-2
3184609;37;Cluster 1 (Majeur A);50440;83;1
3184612;37;Cluster 1 (Majeur A);52524;83;1
3184613;37;Cluster 1 (Majeur A);41621;83;1
3184659;37;Cluster 1 (Majeur A);52519;3;1
3184757;37;Cluster 1 (Majeur A);41620;83;1
3184814;39;Cluster 2 (Majeur B);48380;20;-2
3184815;37;Cluster 1 (Majeur A);52522;83;1
3184855;16;Cluster 5 (Outliers);52522;83;1
3184970;37;Cluster 1 (Majeur A);54811;83;1
3184995;37;Cluster 1 (Majeur A);41621;83;1
3185031;5;Cluster 5 (Outliers);50440;83;1
3185039;37;Cluster 1 (Majeur A);48090;3;1
3185040;39;Cluster 2 (Majeur B);48090;3;1
3185044;37;Cluster 1 (Majeur A);41620;83;1
3185144;31;Cluster 3 (Mineur A);50440;83;1
3185147;39;Cluster 2 (Majeur B);46855;10;1
3185149;39;Cluster 2 (Majeur B);46855;10;1
3185190;37;Cluster 1 (Majeur A);50825;335;1
3185199;39;Cluster 2 (Majeur B);52254;298;1
3185203;39;Cluster 2 (Majeur B);52254;298;1
3185235;39;Cluster 2 (Majeur B);39023;298;1
3185305;39;Cluster 2 (Majeur B);52524;83;1
3185653;37;Cluster 1 (Majeur A);46851;81;1
3185659;39;Cluster 2 (Majeur B);50826;3;1
3185666;37;Cluster 1 (Majeur A);52438;303;3
3185667;19;Cluster 5 (Outliers);52438;303;3
3185668;37;Cluster 1 (Majeur A);52438;303;3
3185670;39;Cluster 2 (Majeur B);52438;303;3
3185674;12;Cluster 5 (Outliers);52438;303;3
3185675;12;Cluster 5 (Outliers);52438;303;3
3185676;37;Cluster 1 (Majeur A);52438;303;3
3185677;37;Cluster 1 (Majeur A);52438;303;3
3185680;19;Cluster 5 (Outliers);52438;303;3
3185681;36;Cluster 5 (Outliers);52438;303;3
3185683;36;Cluster 5 (Outliers);52438;303;3
3185688;43;Cluster 5 (Outliers);52438;303;3
3185690;13;Cluster 5 (Outliers);52438;303;3
3185691;37;Cluster 1 (Majeur A);52438;303;3
3185693;13;Cluster 5 (Outliers);52438;303;3
3185706;37;Cluster 1 (Majeur A);46829;3;1
3185789;39;Cluster 2 (Majeur B);52254;298;1
3185791;39;Cluster 2 (Majeur B);52254;298;1
3185813;39;Cluster 2 (Majeur B);41624;81;1
3185828;37;Cluster 1 (Majeur A);41624;81;1
3185906;40;Cluster 5 (Outliers);46896;20;-2
3186008;50;Cluster 5 (Outliers);54806;394;1
3186033;37;Cluster 1 (Majeur A);48090;3;1
3186035;37;Cluster 1 (Majeur A);54806;394;1
3186107;39;Cluster 2 (Majeur B);46863;20;-2
3186207;37;Cluster 1 (Majeur A);54811;83;1
3186232;39;Cluster 2 (Majeur B);50670;3;1
3186236;37;Cluster 1 (Majeur A);52524;83;1
3186242;37;Cluster 1 (Majeur A);41621;83;1
3186263;37;Cluster 1 (Majeur A);52524;83;1
3186304;39;Cluster 2 (Majeur B);46433;10;1
3186306;39;Cluster 2 (Majeur B);46874;10;1
3186360;37;Cluster 1 (Majeur A);48112;10;1
3186368;31;Cluster 3 (Mineur A);50440;83;1
3186380;39;Cluster 2 (Majeur B);41623;161;1
3186408;39;Cluster 2 (Majeur B);46863;20;-2
3186429;39;Cluster 2 (Majeur B);56592;23;-2
3186435;39;Cluster 2 (Majeur B);46890;81;1
3186561;37;Cluster 1 (Majeur A);41620;83;1
3186587;31;Cluster 3 (Mineur A);50440;83;1
3186736;37;Cluster 1 (Majeur A);54811;83;1
3186749;37;Cluster 1 (Majeur A);48091;83;1
3186771;28;Cluster 5 (Outliers);52524;83;1
3186814;31;Cluster 3 (Mineur A);50440;83;1
3186880;31;Cluster 3 (Mineur A);49458;112;1
3186884;31;Cluster 3 (Mineur A);49458;112;1
3186917;39;Cluster 2 (Majeur B);46863;20;-2
3186924;33;Cluster 5 (Outliers);39023;298;1
3186926;39;Cluster 2 (Majeur B);48380;20;-2
3186933;39;Cluster 2 (Majeur B);46852;20;-2
3187098;39;Cluster 2 (Majeur B);39023;298;1
3187114;40;Cluster 5 (Outliers);48380;20;-2
3187188;37;Cluster 1 (Majeur A);54806;394;1
3187231;39;Cluster 2 (Majeur B);39023;298;1
3187232;39;Cluster 2 (Majeur B);46852;20;-2
3187337;37;Cluster 1 (Majeur A);41621;83;1
3187384;37;Cluster 1 (Majeur A);41621;83;1
3187496;37;Cluster 1 (Majeur A);41620;83;1
3187525;37;Cluster 1 (Majeur A);48091;83;1
3187550;37;Cluster 1 (Majeur A);52524;83;1
3187561;37;Cluster 1 (Majeur A);52524;83;1
3187625;37;Cluster 1 (Majeur A);52524;83;1
3187629;37;Cluster 1 (Majeur A);41620;83;1
3187669;30;Cluster 5 (Outliers);49458;112;1
3187850;39;Cluster 2 (Majeur B);41623;161;1
3187881;39;Cluster 2 (Majeur B);39023;298;1
3188044;39;Cluster 2 (Majeur B);48380;20;-2
3188105;37;Cluster 1 (Majeur A);41620;83;1
3188112;37;Cluster 1 (Majeur A);48091;83;1
3188142;37;Cluster 1 (Majeur A);41621;83;1
3188151;37;Cluster 1 (Majeur A);41621;83;1
3188167;37;Cluster 1 (Majeur A);50440;83;1
3188168;39;Cluster 2 (Majeur B);50440;83;1
3188170;37;Cluster 1 (Majeur A);54811;83;1
3188171;37;Cluster 1 (Majeur A);54811;83;1
3188200;41;Cluster 4 (Mineur B);46863;20;-2
3188211;45;Cluster 5 (Outliers);52522;83;1
3188275;37;Cluster 1 (Majeur A);46829;3;1
3188290;37;Cluster 1 (Majeur A);41620;83;1
3188345;31;Cluster 3 (Mineur A);49458;112;1
3188499;39;Cluster 2 (Majeur B);50440;83;1
3188529;39;Cluster 2 (Majeur B);52254;298;1
3188568;37;Cluster 1 (Majeur A);50825;335;1
3188595;37;Cluster 1 (Majeur A);54806;394;1
3188597;37;Cluster 1 (Majeur A);54806;394;1
3188598;37;Cluster 1 (Majeur A);46859;335;1
3188611;39;Cluster 2 (Majeur B);39023;298;1
3188843;31;Cluster 3 (Mineur A);46523;12;3
3188846;31;Cluster 3 (Mineur A);46523;12;3
3188854;27;Cluster 5 (Outliers);41623;161;1
3188861;37;Cluster 1 (Majeur A);48090;3;1
3188866;39;Cluster 2 (Majeur B);45344;20;-2
3188867;39;Cluster 2 (Majeur B);46896;20;-2
3188869;39;Cluster 2 (Majeur B);39023;298;1
3188989;37;Cluster 1 (Majeur A);50826;3;1
3188997;37;Cluster 1 (Majeur A);46855;10;1
3189019;39;Cluster 2 (Majeur B);52255;298;1
3189023;39;Cluster 2 (Majeur B);46851;81;1
3189024;37;Cluster 1 (Majeur A);46890;81;1
3189207;37;Cluster 1 (Majeur A);50826;3;1
3189208;39;Cluster 2 (Majeur B);46829;3;1
3189275;39;Cluster 2 (Majeur B);46841;3;1
3189278;37;Cluster 1 (Majeur A);50670;3;1
3189282;37;Cluster 1 (Majeur A);41559;81;1
3189337;39;Cluster 2 (Majeur B);46874;10;1
3189342;39;Cluster 2 (Majeur B);46852;20;-2
3189395;37;Cluster 1 (Majeur A);52519;3;1
3189541;37;Cluster 1 (Majeur A);46829;3;1
3189585;37;Cluster 1 (Majeur A);41624;81;1
3189589;37;Cluster 1 (Majeur A);54811;83;1
3189658;37;Cluster 1 (Majeur A);41620;83;1
3189716;37;Cluster 1 (Majeur A);48117;10;1
3189882;40;Cluster 5 (Outliers);46863;20;-2
3189886;31;Cluster 3 (Mineur A);50440;83;1
3189972;37;Cluster 1 (Majeur A);52522;83;1
3190035;39;Cluster 2 (Majeur B);41620;83;1
3190047;39;Cluster 2 (Majeur B);41621;83;1
3190096;33;Cluster 5 (Outliers);41620;83;1
3190111;37;Cluster 1 (Majeur A);50670;3;1
3190112;37;Cluster 1 (Majeur A);48090;3;1
3190182;37;Cluster 1 (Majeur A);50670;3;1
3190263;37;Cluster 1 (Majeur A);41624;81;1
3190264;37;Cluster 1 (Majeur A);52522;83;1
3190321;37;Cluster 1 (Majeur A);52524;83;1
3190378;31;Cluster 3 (Mineur A);50440;83;1
3190453;41;Cluster 4 (Mineur B);52520;112;1
3190456;39;Cluster 2 (Majeur B);39023;298;1
3190485;37;Cluster 1 (Majeur A);54806;394;1
3190518;39;Cluster 2 (Majeur B);46863;20;-2
3190519;39;Cluster 2 (Majeur B);46863;20;-2
3190576;39;Cluster 2 (Majeur B);41559;81;1
3190593;39;Cluster 2 (Majeur B);46852;20;-2
3190615;37;Cluster 1 (Majeur A);41624;81;1
3190623;25;Cluster 5 (Outliers);41623;161;1
3190633;37;Cluster 1 (Majeur A);46841;3;1
3190643;39;Cluster 2 (Majeur B);48380;20;-2
3190645;33;Cluster 5 (Outliers);45401;81;1
3190689;39;Cluster 2 (Majeur B);46855;10;1
3190699;39;Cluster 2 (Majeur B);46890;81;1
3190700;39;Cluster 2 (Majeur B);41559;81;1
3190701;21;Cluster 5 (Outliers);46515;81;1
3190703;39;Cluster 2 (Majeur B);46890;81;1
3190725;37;Cluster 1 (Majeur A);48090;3;1
3190726;37;Cluster 1 (Majeur A);52519;3;1
3190727;37;Cluster 1 (Majeur A);48117;10;1
3190733;39;Cluster 2 (Majeur B);46433;10;1
3190741;33;Cluster 5 (Outliers);54674;339;3
3190744;39;Cluster 2 (Majeur B);54674;339;3
3190777;39;Cluster 2 (Majeur B);46852;20;-2
3190778;39;Cluster 2 (Majeur B);46851;81;1
3190789;37;Cluster 1 (Majeur A);54806;394;1
3190807;37;Cluster 1 (Majeur A);46841;3;1
3190813;39;Cluster 2 (Majeur B);46863;20;-2
3190822;39;Cluster 2 (Majeur B);41623;161;1
3190892;37;Cluster 1 (Majeur A);52524;83;1
3190893;37;Cluster 1 (Majeur A);52522;83;1
3190896;37;Cluster 1 (Majeur A);48091;83;1
3190899;37;Cluster 1 (Majeur A);54811;83;1
3190926;37;Cluster 1 (Majeur A);48117;10;1
3190930;39;Cluster 2 (Majeur B);46863;20;-2
3190932;39;Cluster 2 (Majeur B);46890;81;1
3190938;37;Cluster 1 (Majeur A);41620;83;1
3190970;37;Cluster 1 (Majeur A);41623;161;1
3190974;37;Cluster 1 (Majeur A);48090;3;1
3190982;31;Cluster 3 (Mineur A);50440;83;1
3191040;39;Cluster 2 (Majeur B);45401;81;1
3191139;37;Cluster 1 (Majeur A);52519;3;1
3191144;37;Cluster 1 (Majeur A);46874;10;1
3191166;37;Cluster 1 (Majeur A);41623;161;1
3191171;39;Cluster 2 (Majeur B);41559;81;1
3191175;37;Cluster 1 (Majeur A);41620;83;1
3191176;37;Cluster 1 (Majeur A);52524;83;1
3191177;37;Cluster 1 (Majeur A);52522;83;1
3191239;17;Cluster 5 (Outliers);54811;83;1
3191241;37;Cluster 1 (Majeur A);50440;83;1
3191284;37;Cluster 1 (Majeur A);46841;3;1
3191285;37;Cluster 1 (Majeur A);46841;3;1
3191384;37;Cluster 1 (Majeur A);52519;3;1
3191411;39;Cluster 2 (Majeur B);48117;10;1
3191413;39;Cluster 2 (Majeur B);46515;81;1
3191417;31;Cluster 3 (Mineur A);50440;83;1
3191441;37;Cluster 1 (Majeur A);52520;112;1
3191443;37;Cluster 1 (Majeur A);52520;112;1
3191444;41;Cluster 4 (Mineur B);52520;112;1
3191449;41;Cluster 4 (Mineur B);52520;112;1
3191492;39;Cluster 2 (Majeur B);39023;298;1
3191507;37;Cluster 1 (Majeur A);46859;335;1
3191508;37;Cluster 1 (Majeur A);46859;335;1
3191517;39;Cluster 2 (Majeur B);45344;20;-2
3191525;37;Cluster 1 (Majeur A);54806;394;1
3191538;37;Cluster 1 (Majeur A);50825;335;1
3191559;39;Cluster 2 (Majeur B);52254;298;1
3191560;39;Cluster 2 (Majeur B);52254;298;1
3191590;39;Cluster 2 (Majeur B);46863;20;-2
3191605;39;Cluster 2 (Majeur B);46853;335;1
3191782;37;Cluster 1 (Majeur A);48090;3;1
3191784;37;Cluster 1 (Majeur A);46855;10;1
3191789;39;Cluster 2 (Majeur B);46896;20;-2
3191844;38;Cluster 5 (Outliers);41623;161;1
3192024;37;Cluster 1 (Majeur A);46433;10;1
3192027;37;Cluster 1 (Majeur A);48117;10;1
3192052;39;Cluster 2 (Majeur B);52255;298;1
3192063;20;Cluster 5 (Outliers);45401;81;1
3192101;37;Cluster 1 (Majeur A);54806;394;1
3192291;37;Cluster 1 (Majeur A);48090;3;1
3192293;37;Cluster 1 (Majeur A);46855;10;1
3192321;39;Cluster 2 (Majeur B);39023;298;1
3192323;39;Cluster 2 (Majeur B);39023;298;1
3192330;22;Cluster 5 (Outliers);46515;81;1
3192436;37;Cluster 1 (Majeur A);48117;10;1
3192449;37;Cluster 1 (Majeur A);46896;20;-2
3192519;37;Cluster 1 (Majeur A);48090;3;1
3192528;39;Cluster 2 (Majeur B);46890;81;1
3192603;37;Cluster 1 (Majeur A);50826;3;1
3192604;37;Cluster 1 (Majeur A);46829;3;1
3192614;39;Cluster 2 (Majeur B);46863;20;-2
3192628;31;Cluster 3 (Mineur A);50440;83;1
3192747;39;Cluster 2 (Majeur B);52521;10;1
3193302;18;Cluster 5 (Outliers);45401;81;1
3193315;39;Cluster 2 (Majeur B);46841;3;1
3193317;39;Cluster 2 (Majeur B);50826;3;1
3193318;39;Cluster 2 (Majeur B);50670;3;1
3193319;37;Cluster 1 (Majeur A);50670;3;1
3193323;39;Cluster 2 (Majeur B);48112;10;1
3193326;39;Cluster 2 (Majeur B);46515;81;1
3193364;31;Cluster 3 (Mineur A);50440;83;1
3193375;39;Cluster 2 (Majeur B);49458;112;1
3193383;37;Cluster 1 (Majeur A);52520;112;1
3193413;41;Cluster 4 (Mineur B);46875;112;1
3193435;37;Cluster 1 (Majeur A);54806;394;1
3193452;37;Cluster 1 (Majeur A);46859;335;1
3193922;37;Cluster 1 (Majeur A);48090;3;1
3194057;37;Cluster 1 (Majeur A);50826;3;1
3194064;39;Cluster 2 (Majeur B);46863;20;-2
3194071;37;Cluster 1 (Majeur A);46851;81;1
3194074;22;Cluster 5 (Outliers);46515;81;1
3194075;39;Cluster 2 (Majeur B);46890;81;1
3194076;39;Cluster 2 (Majeur B);41624;81;1
3194178;37;Cluster 1 (Majeur A);54806;394;1
3194238;39;Cluster 2 (Majeur B);41623;161;1
3194268;39;Cluster 2 (Majeur B);50670;3;1
3194273;37;Cluster 1 (Majeur A);46874;10;1
3194274;37;Cluster 1 (Majeur A);46855;10;1
3194276;39;Cluster 2 (Majeur B);46433;10;1
3194277;37;Cluster 1 (Majeur A);48117;10;1
3194491;39;Cluster 2 (Majeur B);52255;298;1
3194492;39;Cluster 2 (Majeur B);52254;298;1
3194497;37;Cluster 1 (Majeur A);41559;81;1
3194498;18;Cluster 5 (Outliers);45401;81;1
3194876;37;Cluster 1 (Majeur A);48090;3;1
3195142;39;Cluster 2 (Majeur B);46890;81;1
3195273;37;Cluster 1 (Majeur A);46829;3;1
3195277;37;Cluster 1 (Majeur A);48117;10;1
3195298;29;Cluster 5 (Outliers);41620;83;1
3195303;37;Cluster 1 (Majeur A);52524;83;1
3195304;39;Cluster 2 (Majeur B);41621;83;1
3195482;37;Cluster 1 (Majeur A);50670;3;1
3195507;37;Cluster 1 (Majeur A);41624;81;1
3195533;39;Cluster 2 (Majeur B);50440;83;1
3195534;37;Cluster 1 (Majeur A);52523;83;1
3195535;37;Cluster 1 (Majeur A);52522;83;1
3195537;37;Cluster 1 (Majeur A);52522;83;1
3195621;37;Cluster 1 (Majeur A);54674;339;3
3195663;38;Cluster 5 (Outliers);41623;161;1
3195754;20;Cluster 5 (Outliers);45401;81;1
3195775;37;Cluster 1 (Majeur A);45401;81;1
3195981;37;Cluster 1 (Majeur A);52522;83;1
3195983;37;Cluster 1 (Majeur A);52524;83;1
3195996;37;Cluster 1 (Majeur A);46829;3;1
3195997;37;Cluster 1 (Majeur A);46829;3;1
3196002;37;Cluster 1 (Majeur A);41620;83;1
3196059;39;Cluster 2 (Majeur B);50440;83;1
3196114;39;Cluster 2 (Majeur B);49458;112;1
3196178;37;Cluster 1 (Majeur A);46853;335;1
3196199;39;Cluster 2 (Majeur B);48380;20;-2
3196202;41;Cluster 4 (Mineur B);46875;112;1
3196215;37;Cluster 1 (Majeur A);54806;394;1
3196223;39;Cluster 2 (Majeur B);50825;335;1
3196226;39;Cluster 2 (Majeur B);45344;20;-2
3196356;39;Cluster 2 (Majeur B);50826;3;1
3196358;39;Cluster 2 (Majeur B);46896;20;-2
3196479;39;Cluster 2 (Majeur B);45344;20;-2
3196485;39;Cluster 2 (Majeur B);46851;81;1
3196585;39;Cluster 2 (Majeur B);46841;3;1
3196588;37;Cluster 1 (Majeur A);50825;335;1
3196595;39;Cluster 2 (Majeur B);46863;20;-2
3196598;39;Cluster 2 (Majeur B);52255;298;1
3196600;39;Cluster 2 (Majeur B);52255;298;1
3196602;22;Cluster 5 (Outliers);46515;81;1
3196603;37;Cluster 1 (Majeur A);41559;81;1
3196604;37;Cluster 1 (Majeur A);46890;81;1
3196733;37;Cluster 1 (Majeur A);48090;3;1
3196735;37;Cluster 1 (Majeur A);46433;10;1
3196781;39;Cluster 2 (Majeur B);41624;81;1
3196782;37;Cluster 1 (Majeur A);41624;81;1
3196821;37;Cluster 1 (Majeur A);54806;394;1
3197062;37;Cluster 1 (Majeur A);46841;3;1
3197083;37;Cluster 1 (Majeur A);54811;83;1
3197084;37;Cluster 1 (Majeur A);54811;83;1
3197236;37;Cluster 1 (Majeur A);46874;10;1
3197251;37;Cluster 1 (Majeur A);52522;83;1
3197252;37;Cluster 1 (Majeur A);52524;83;1
3197401;39;Cluster 2 (Majeur B);46433;10;1
3197402;37;Cluster 1 (Majeur A);48117;10;1
3197471;37;Cluster 1 (Majeur A);41620;83;1
3197472;37;Cluster 1 (Majeur A);54811;83;1
3197638;37;Cluster 1 (Majeur A);46874;10;1
3197654;39;Cluster 2 (Majeur B);46896;20;-2
3197655;39;Cluster 2 (Majeur B);46896;20;-2
3197663;37;Cluster 1 (Majeur A);52522;83;1
3197666;37;Cluster 1 (Majeur A);52524;83;1
3197738;37;Cluster 1 (Majeur A);41623;161;1
3197767;37;Cluster 1 (Majeur A);41621;83;1
3198052;22;Cluster 5 (Outliers);46515;81;1
3198053;37;Cluster 1 (Majeur A);54811;83;1
3198166;39;Cluster 2 (Majeur B);49458;112;1
3198214;41;Cluster 4 (Mineur B);46875;112;1
3198216;41;Cluster 4 (Mineur B);46875;112;1
3198243;39;Cluster 2 (Majeur B);52254;298;1
3198252;37;Cluster 1 (Majeur A);54806;394;1
3198271;39;Cluster 2 (Majeur B);52255;298;1
3198281;39;Cluster 2 (Majeur B);45344;20;-2
3198311;37;Cluster 1 (Majeur A);52522;83;1
3198323;39;Cluster 2 (Majeur B);52254;298;1
3198411;39;Cluster 2 (Majeur B);46896;20;-2
3198446;37;Cluster 1 (Majeur A);52524;83;1
3198469;37;Cluster 1 (Majeur A);48090;3;1
3198479;39;Cluster 2 (Majeur B);48380;20;-2
3198480;37;Cluster 1 (Majeur A);46851;81;1
3198546;36;Cluster 5 (Outliers);54806;394;1
3198556;37;Cluster 1 (Majeur A);46874;10;1
3198558;49;Cluster 5 (Outliers);46855;10;1
3198622;37;Cluster 1 (Majeur A);46851;81;1
3198653;39;Cluster 2 (Majeur B);46896;20;-2
3198654;37;Cluster 1 (Majeur A);52524;83;1
3198655;37;Cluster 1 (Majeur A);52522;83;1
3198656;26;Cluster 5 (Outliers);41621;83;1
3198685;37;Cluster 1 (Majeur A);54811;83;1
3198743;32;Cluster 5 (Outliers);48112;10;1
3198753;39;Cluster 2 (Majeur B);46863;20;-2
3198754;31;Cluster 3 (Mineur A);50440;83;1
3198756;37;Cluster 1 (Majeur A);52523;83;1
3198838;37;Cluster 1 (Majeur A);52524;83;1
3198916;37;Cluster 1 (Majeur A);50440;83;1
3198980;20;Cluster 5 (Outliers);45401;81;1
3198981;39;Cluster 2 (Majeur B);45401;81;1
3199023;37;Cluster 1 (Majeur A);52524;83;1
3199115;39;Cluster 2 (Majeur B);52255;298;1
3199119;39;Cluster 2 (Majeur B);52255;298;1
3199121;37;Cluster 1 (Majeur A);46875;112;1
3199168;37;Cluster 1 (Majeur A);41621;83;1
3199185;39;Cluster 2 (Majeur B);52255;298;1
3199223;39;Cluster 2 (Majeur B);46852;20;-2
3199458;39;Cluster 2 (Majeur B);46863;20;-2
3199546;39;Cluster 2 (Majeur B);46896;20;-2
3199570;31;Cluster 3 (Mineur A);50440;83;1
3199573;37;Cluster 1 (Majeur A);54811;83;1
3199623;39;Cluster 2 (Majeur B);46863;20;-2
3199626;37;Cluster 1 (Majeur A);41620;83;1
3199629;37;Cluster 1 (Majeur A);52524;83;1
3199655;37;Cluster 1 (Majeur A);41620;83;1
3199656;37;Cluster 1 (Majeur A);52522;83;1
3199740;31;Cluster 3 (Mineur A);50440;83;1
3199844;37;Cluster 1 (Majeur A);52524;83;1
3199870;37;Cluster 1 (Majeur A);41620;83;1
3200014;39;Cluster 2 (Majeur B);52255;298;1
3200041;37;Cluster 1 (Majeur A);54806;394;1
3200044;37;Cluster 1 (Majeur A);54806;394;1
3200046;37;Cluster 1 (Majeur A);50825;335;1
3200052;39;Cluster 2 (Majeur B);46896;20;-2
3200066;1;Cluster 5 (Outliers);46875;112;1
3200067;37;Cluster 1 (Majeur A);46875;112;1
3200105;25;Cluster 5 (Outliers);54674;339;3
3200107;26;Cluster 5 (Outliers);54674;339;3
3200151;39;Cluster 2 (Majeur B);46896;20;-2
3200387;37;Cluster 1 (Majeur A);50826;3;1
3200388;37;Cluster 1 (Majeur A);50826;3;1
3200480;39;Cluster 2 (Majeur B);45344;20;-2
3200481;39;Cluster 2 (Majeur B);46852;20;-2
3200483;39;Cluster 2 (Majeur B);46896;20;-2
3200488;9;Cluster 5 (Outliers);46890;81;1
3200495;37;Cluster 1 (Majeur A);52524;83;1
3200705;37;Cluster 1 (Majeur A);46841;3;1
3200708;39;Cluster 2 (Majeur B);46433;10;1
3200734;39;Cluster 2 (Majeur B);46852;20;-2
3200935;39;Cluster 2 (Majeur B);46433;10;1
3200948;37;Cluster 1 (Majeur A);46890;81;1
3200951;39;Cluster 2 (Majeur B);45401;81;1
3200953;39;Cluster 2 (Majeur B);41624;81;1
3200955;37;Cluster 1 (Majeur A);52524;83;1
3201484;37;Cluster 1 (Majeur A);48090;3;1
3201485;37;Cluster 1 (Majeur A);48090;3;1
3201486;37;Cluster 1 (Majeur A);46841;3;1
3201490;37;Cluster 1 (Majeur A);52521;10;1
3201520;39;Cluster 2 (Majeur B);46863;20;-2
3201524;37;Cluster 1 (Majeur A);46851;81;1
3201532;37;Cluster 1 (Majeur A);52522;83;1
3201533;37;Cluster 1 (Majeur A);52524;83;1
3201534;37;Cluster 1 (Majeur A);48091;83;1
3201535;37;Cluster 1 (Majeur A);54811;83;1
3202035;27;Cluster 5 (Outliers);46515;81;1
3202042;31;Cluster 3 (Mineur A);50440;83;1
3202359;31;Cluster 3 (Mineur A);50440;83;1
3202395;39;Cluster 2 (Majeur B);49458;112;1
3202397;39;Cluster 2 (Majeur B);49458;112;1
3202399;39;Cluster 2 (Majeur B);49458;112;1
3202413;39;Cluster 2 (Majeur B);52254;298;1
3202427;37;Cluster 1 (Majeur A);46875;112;1
3202428;37;Cluster 1 (Majeur A);46875;112;1
3202429;37;Cluster 1 (Majeur A);46875;112;1
3202430;37;Cluster 1 (Majeur A);46875;112;1
3202438;37;Cluster 1 (Majeur A);46853;335;1
3202441;39;Cluster 2 (Majeur B);52255;298;1
3202461;39;Cluster 2 (Majeur B);50825;335;1
3202471;37;Cluster 1 (Majeur A);54806;394;1
3202472;39;Cluster 2 (Majeur B);54806;394;1
3202485;39;Cluster 2 (Majeur B);52255;298;1
3202497;39;Cluster 2 (Majeur B);46863;20;-2
3202660;39;Cluster 2 (Majeur B);41624;81;1
3203040;37;Cluster 1 (Majeur A);41623;161;1
3203068;37;Cluster 1 (Majeur A);46829;3;1
3203069;37;Cluster 1 (Majeur A);46829;3;1
3203070;37;Cluster 1 (Majeur A);46841;3;1
3203071;37;Cluster 1 (Majeur A);52521;10;1
3203072;37;Cluster 1 (Majeur A);46433;10;1
3203085;39;Cluster 2 (Majeur B);46863;20;-2
3203099;37;Cluster 1 (Majeur A);46851;81;1
3203103;37;Cluster 1 (Majeur A);41559;81;1
3203143;37;Cluster 1 (Majeur A);46523;12;3
3203313;37;Cluster 1 (Majeur A);46841;3;1
3203314;37;Cluster 1 (Majeur A);52519;3;1
3203326;37;Cluster 1 (Majeur A);46855;10;1
3203339;37;Cluster 1 (Majeur A);46851;81;1
3203533;37;Cluster 1 (Majeur A);48090;3;1
3203537;37;Cluster 1 (Majeur A);46433;10;1
3203700;39;Cluster 2 (Majeur B);46896;20;-2
3203713;37;Cluster 1 (Majeur A);52522;83;1
3203715;37;Cluster 1 (Majeur A);41621;83;1
3203716;37;Cluster 1 (Majeur A);48091;83;1
3203719;37;Cluster 1 (Majeur A);41621;83;1
3203720;37;Cluster 1 (Majeur A);54811;83;1
